 order_id, customer_id, order_date, order_status
1,638,09-09-2025,Delivered
2,329,10-01-2025,Delivered
3,51,01-10-2025,Delivered
4,191,22-02-2025,Delivered
5,276,06-03-2025,Returned
6,449,05-01-2025,Delivered
7,93,19-03-2025,Delivered
8,506,22-04-2025,Delivered
9,431,09-06-2025,Delivered
10,381,26-08-2025,Returned
11,811,17-01-2025,Delivered
12,83,16-03-2025,Delivered
13,273,20-07-2025,Delivered
14,557,29-08-2025,Delivered
15,197,09-05-2025,Delivered
16,849,07-01-2025,Delivered
17,998,08-05-2025,Delivered
18,790,15-08-2025,Delivered
19,756,18-01-2025,Delivered
20,472,18-02-2025,Cancelled
21,682,17-04-2025,Delivered
22,399,15-12-2025,Delivered
23,959,15-06-2025,Delivered
24,645,22-01-2025,Returned
25,960,09-10-2025,Cancelled
26,126,10-05-2025,Delivered
27,654,02-06-2025,Delivered
28,370,27-01-2025,Returned
29,224,27-02-2025,Delivered
30,649,11-08-2025,Delivered
31,16,27-03-2025,Delivered
32,599,03-03-2025,Delivered
33,809,05-05-2025,Delivered
34,993,22-01-2025,Cancelled
35,803,20-12-2025,Delivered
36,705,02-11-2025,Delivered
37,381,15-02-2025,Delivered
38,162,13-09-2025,Delivered
39,703,13-11-2025,Delivered
40,954,17-11-2025,Delivered
41,62,02-07-2025,Returned
42,158,26-12-2025,Cancelled
43,811,24-02-2025,Delivered
44,500,30-04-2025,Delivered
45,572,27-11-2025,Delivered
46,825,13-08-2025,Returned
47,198,11-01-2025,Returned
48,387,03-07-2025,Returned
49,138,09-05-2025,Delivered
50,497,28-12-2025,Delivered
51,573,31-05-2025,Cancelled
52,714,08-09-2025,Delivered
53,581,06-04-2025,Cancelled
54,357,15-06-2025,Returned
55,480,21-05-2025,Cancelled
56,937,11-10-2025,Delivered
57,71,29-09-2025,Delivered
58,461,01-06-2025,Delivered
59,555,07-07-2025,Delivered
60,1,23-11-2025,Cancelled
61,389,05-04-2025,Delivered
62,635,06-07-2025,Cancelled
63,245,14-06-2025,Returned
64,65,04-12-2025,Cancelled
65,839,18-07-2025,Delivered
66,537,16-12-2025,Delivered
67,785,10-10-2025,Delivered
68,628,25-05-2025,Delivered
69,420,25-11-2025,Delivered
70,114,19-02-2025,Cancelled
71,675,04-02-2025,Delivered
72,856,08-03-2025,Delivered
73,895,17-01-2025,Delivered
74,110,06-09-2025,Delivered
75,102,17-01-2025,Cancelled
76,658,18-07-2025,Returned
77,502,27-09-2025,Cancelled
78,719,30-10-2025,Delivered
79,51,07-07-2025,Delivered
80,621,06-02-2025,Delivered
81,953,17-04-2025,Returned
82,504,10-02-2025,Delivered
83,821,24-11-2025,Delivered
84,370,13-10-2025,Returned
85,961,01-08-2025,Delivered
86,814,29-12-2025,Delivered
87,844,12-11-2025,Delivered
88,542,21-01-2025,Returned
89,73,05-06-2025,Delivered
90,968,21-04-2025,Cancelled
91,100,21-02-2025,Returned
92,237,30-09-2025,Delivered
93,195,09-04-2025,Cancelled
94,673,08-05-2025,Cancelled
95,641,02-04-2025,Cancelled
96,768,13-10-2025,Delivered
97,765,24-02-2025,Returned
98,591,03-07-2025,Returned
99,470,26-12-2025,Returned
100,438,23-02-2025,Delivered
101,812,03-04-2025,Cancelled
102,412,16-09-2025,Delivered
103,674,22-03-2025,Cancelled
104,615,15-08-2025,Delivered
105,925,11-06-2025,Cancelled
106,333,10-07-2025,Delivered
107,783,21-11-2025,Delivered
108,846,15-06-2025,Cancelled
109,247,16-10-2025,Cancelled
110,220,12-07-2025,Cancelled
111,949,11-05-2025,Delivered
112,985,20-08-2025,Delivered
113,983,23-07-2025,Delivered
114,744,18-01-2025,Delivered
115,611,09-01-2025,Cancelled
116,139,04-06-2025,Delivered
117,308,24-04-2025,Delivered
118,877,11-06-2025,Delivered
119,791,20-12-2025,Delivered
120,942,11-10-2025,Cancelled
121,570,20-10-2025,Cancelled
122,159,18-02-2025,Delivered
123,472,02-07-2025,Delivered
124,142,16-05-2025,Delivered
125,911,26-10-2025,Delivered
126,239,12-05-2025,Delivered
127,95,20-10-2025,Delivered
128,583,22-04-2025,Returned
129,80,16-06-2025,Delivered
130,178,07-09-2025,Returned
131,720,23-10-2025,Delivered
132,610,25-11-2025,Delivered
133,39,23-10-2025,Delivered
134,81,29-01-2025,Delivered
135,357,11-08-2025,Delivered
136,953,03-03-2025,Delivered
137,766,01-12-2025,Cancelled
138,951,06-01-2025,Returned
139,797,20-11-2025,Delivered
140,56,06-06-2025,Cancelled
141,43,13-06-2025,Cancelled
142,579,18-03-2025,Delivered
143,515,24-12-2025,Delivered
144,157,26-01-2025,Returned
145,750,21-07-2025,Delivered
146,771,01-11-2025,Cancelled
147,517,16-02-2025,Delivered
148,443,29-05-2025,Delivered
149,152,09-03-2025,Delivered
150,85,01-09-2025,Cancelled
151,764,26-01-2025,Cancelled
152,409,15-05-2025,Delivered
153,409,14-09-2025,Delivered
154,793,24-12-2025,Delivered
155,781,11-03-2025,Delivered
156,573,12-04-2025,Delivered
157,405,30-11-2025,Cancelled
158,201,15-10-2025,Cancelled
159,754,26-09-2025,Delivered
160,249,06-02-2025,Delivered
161,796,09-08-2025,Delivered
162,702,22-10-2025,Delivered
163,116,10-12-2025,Delivered
164,434,07-07-2025,Delivered
165,196,14-06-2025,Delivered
166,609,02-12-2025,Delivered
167,789,06-06-2025,Delivered
168,359,12-11-2025,Delivered
169,639,16-03-2025,Delivered
170,46,30-04-2025,Delivered
171,702,11-07-2025,Delivered
172,776,13-02-2025,Delivered
173,758,28-01-2025,Delivered
174,972,14-11-2025,Delivered
175,890,28-05-2025,Delivered
176,352,22-12-2025,Delivered
177,313,19-08-2025,Delivered
178,24,19-06-2025,Delivered
179,758,03-10-2025,Delivered
180,209,07-10-2025,Cancelled
181,769,13-05-2025,Cancelled
182,495,15-11-2025,Returned
183,145,22-12-2025,Returned
184,685,10-01-2025,Delivered
185,597,06-12-2025,Cancelled
186,45,11-05-2025,Delivered
187,62,26-05-2025,Delivered
188,809,23-12-2025,Cancelled
189,278,28-01-2025,Delivered
190,671,05-01-2025,Delivered
191,398,05-12-2025,Delivered
192,679,04-12-2025,Delivered
193,886,25-02-2025,Delivered
194,300,29-11-2025,Delivered
195,237,14-07-2025,Cancelled
196,727,20-02-2025,Delivered
197,497,02-11-2025,Cancelled
198,91,06-04-2025,Delivered
199,513,23-08-2025,Cancelled
200,949,31-12-2025,Delivered
201,41,07-05-2025,Cancelled
202,313,20-06-2025,Delivered
203,403,22-03-2025,Delivered
204,356,17-12-2025,Delivered
205,364,17-11-2025,Delivered
206,242,14-09-2025,Delivered
207,832,01-02-2025,Returned
208,264,18-07-2025,Delivered
209,967,12-10-2025,Delivered
210,231,19-03-2025,Delivered
211,919,21-07-2025,Returned
212,141,14-02-2025,Returned
213,392,24-09-2025,Returned
214,628,17-11-2025,Returned
215,233,02-08-2025,Delivered
216,587,20-03-2025,Delivered
217,994,09-06-2025,Cancelled
218,338,18-08-2025,Cancelled
219,135,16-04-2025,Returned
220,142,25-10-2025,Cancelled
221,701,14-04-2025,Delivered
222,317,19-12-2025,Returned
223,921,26-09-2025,Delivered
224,441,16-03-2025,Returned
225,956,17-10-2025,Delivered
226,326,04-02-2025,Cancelled
227,546,02-03-2025,Delivered
228,326,16-03-2025,Returned
229,31,13-06-2025,Delivered
230,985,30-07-2025,Delivered
231,454,23-11-2025,Returned
232,281,19-03-2025,Delivered
233,110,09-03-2025,Delivered
234,27,10-11-2025,Cancelled
235,274,07-11-2025,Cancelled
236,628,29-04-2025,Cancelled
237,238,29-04-2025,Returned
238,27,03-07-2025,Delivered
239,705,02-09-2025,Delivered
240,515,06-11-2025,Delivered
241,730,29-11-2025,Delivered
242,189,18-07-2025,Delivered
243,486,12-03-2025,Delivered
244,198,26-04-2025,Delivered
245,419,08-01-2025,Delivered
246,974,31-07-2025,Delivered
247,761,10-12-2025,Delivered
248,776,15-04-2025,Delivered
249,182,13-08-2025,Cancelled
250,502,19-12-2025,Delivered
251,888,23-08-2025,Delivered
252,438,27-07-2025,Delivered
253,623,14-07-2025,Returned
254,321,21-07-2025,Cancelled
255,962,20-10-2025,Cancelled
256,550,26-09-2025,Returned
257,897,27-12-2025,Delivered
258,534,25-02-2025,Delivered
259,468,22-01-2025,Delivered
260,532,03-10-2025,Delivered
261,753,21-01-2025,Cancelled
262,397,22-09-2025,Returned
263,986,26-01-2025,Delivered
264,299,14-08-2025,Delivered
265,906,05-06-2025,Delivered
266,473,27-03-2025,Delivered
267,302,10-11-2025,Delivered
268,707,22-09-2025,Delivered
269,475,27-11-2025,Delivered
270,93,14-09-2025,Delivered
271,185,27-10-2025,Returned
272,560,11-03-2025,Delivered
273,424,15-06-2025,Delivered
274,26,02-04-2025,Delivered
275,605,31-12-2025,Delivered
276,904,21-08-2025,Delivered
277,257,15-06-2025,Returned
278,665,31-12-2025,Delivered
279,736,05-03-2025,Delivered
280,117,28-12-2025,Delivered
281,650,05-07-2025,Delivered
282,537,29-12-2025,Delivered
283,745,19-09-2025,Cancelled
284,973,23-03-2025,Delivered
285,564,14-07-2025,Delivered
286,787,29-03-2025,Delivered
287,580,04-12-2025,Delivered
288,167,16-03-2025,Delivered
289,788,31-12-2025,Delivered
290,430,07-06-2025,Delivered
291,748,17-08-2025,Delivered
292,642,03-04-2025,Delivered
293,921,09-03-2025,Delivered
294,4,15-11-2025,Delivered
295,13,23-08-2025,Delivered
296,876,13-09-2025,Cancelled
297,827,03-01-2025,Cancelled
298,904,10-09-2025,Delivered
299,223,29-10-2025,Returned
300,488,21-08-2025,Delivered
301,453,10-02-2025,Cancelled
302,615,04-01-2025,Delivered
303,904,08-10-2025,Delivered
304,635,18-11-2025,Cancelled
305,840,17-04-2025,Delivered
306,190,17-03-2025,Delivered
307,669,28-06-2025,Delivered
308,149,17-01-2025,Returned
309,592,05-11-2025,Delivered
310,340,14-02-2025,Delivered
311,112,02-08-2025,Delivered
312,166,11-12-2025,Delivered
313,626,05-12-2025,Returned
314,717,01-11-2025,Cancelled
315,807,15-10-2025,Delivered
316,990,22-08-2025,Returned
317,593,04-07-2025,Delivered
318,96,03-06-2025,Delivered
319,378,14-07-2025,Delivered
320,777,07-08-2025,Cancelled
321,67,30-05-2025,Delivered
322,138,04-03-2025,Returned
323,881,21-05-2025,Delivered
324,540,31-07-2025,Cancelled
325,215,23-12-2025,Delivered
326,627,30-01-2025,Delivered
327,586,19-11-2025,Cancelled
328,90,05-09-2025,Returned
329,706,06-11-2025,Returned
330,295,07-08-2025,Cancelled
331,869,12-06-2025,Delivered
332,539,22-10-2025,Cancelled
333,363,08-03-2025,Cancelled
334,577,12-09-2025,Cancelled
335,747,20-11-2025,Delivered
336,505,03-04-2025,Cancelled
337,239,29-12-2025,Delivered
338,199,01-01-2025,Delivered
339,25,27-08-2025,Returned
340,816,02-03-2025,Returned
341,869,17-04-2025,Cancelled
342,425,31-07-2025,Delivered
343,342,29-06-2025,Cancelled
344,826,23-11-2025,Delivered
345,12,24-11-2025,Delivered
346,707,25-05-2025,Delivered
347,810,04-02-2025,Delivered
348,308,17-09-2025,Cancelled
349,332,04-01-2025,Delivered
350,703,20-06-2025,Delivered
351,406,19-10-2025,Cancelled
352,984,15-01-2025,Delivered
353,199,19-06-2025,Delivered
354,945,11-12-2025,Delivered
355,939,31-08-2025,Delivered
356,662,11-03-2025,Delivered
357,160,18-11-2025,Delivered
358,914,02-10-2025,Delivered
359,474,31-07-2025,Returned
360,58,24-09-2025,Delivered
361,579,14-12-2025,Delivered
362,569,02-10-2025,Delivered
363,214,23-10-2025,Returned
364,340,01-07-2025,Delivered
365,993,18-03-2025,Delivered
366,861,16-01-2025,Delivered
367,385,17-11-2025,Cancelled
368,863,26-03-2025,Cancelled
369,621,19-07-2025,Delivered
370,610,01-03-2025,Delivered
371,723,11-06-2025,Returned
372,33,20-05-2025,Delivered
373,89,12-09-2025,Delivered
374,381,20-08-2025,Delivered
375,222,26-09-2025,Delivered
376,180,27-02-2025,Delivered
377,804,20-01-2025,Delivered
378,936,17-02-2025,Delivered
379,519,13-01-2025,Delivered
380,927,14-09-2025,Delivered
381,195,24-06-2025,Delivered
382,751,26-09-2025,Delivered
383,795,17-06-2025,Delivered
384,788,20-02-2025,Cancelled
385,693,09-03-2025,Delivered
386,742,19-01-2025,Delivered
387,397,25-09-2025,Delivered
388,5,09-06-2025,Delivered
389,704,01-11-2025,Delivered
390,342,28-08-2025,Delivered
391,106,24-09-2025,Returned
392,764,09-06-2025,Delivered
393,592,09-06-2025,Returned
394,914,18-04-2025,Delivered
395,206,09-04-2025,Delivered
396,284,30-09-2025,Delivered
397,792,14-08-2025,Returned
398,121,20-05-2025,Delivered
399,162,21-05-2025,Delivered
400,16,15-11-2025,Cancelled
401,527,22-02-2025,Delivered
402,556,29-06-2025,Cancelled
403,327,19-05-2025,Delivered
404,966,27-12-2025,Delivered
405,588,06-05-2025,Delivered
406,73,09-06-2025,Cancelled
407,914,23-06-2025,Cancelled
408,455,26-01-2025,Delivered
409,30,30-08-2025,Returned
410,52,24-02-2025,Delivered
411,56,14-02-2025,Delivered
412,402,02-04-2025,Returned
413,611,31-10-2025,Returned
414,857,20-12-2025,Returned
415,457,12-11-2025,Delivered
416,320,20-06-2025,Delivered
417,731,10-12-2025,Cancelled
418,81,27-08-2025,Cancelled
419,135,17-02-2025,Returned
420,480,19-02-2025,Delivered
421,318,17-12-2025,Returned
422,728,27-08-2025,Delivered
423,238,25-04-2025,Delivered
424,882,12-11-2025,Delivered
425,935,06-07-2025,Delivered
426,188,25-12-2025,Returned
427,339,16-06-2025,Delivered
428,500,16-01-2025,Delivered
429,487,27-02-2025,Delivered
430,491,25-08-2025,Delivered
431,290,28-06-2025,Cancelled
432,589,07-03-2025,Cancelled
433,106,27-07-2025,Returned
434,816,24-02-2025,Delivered
435,570,29-11-2025,Delivered
436,812,04-06-2025,Cancelled
437,473,25-07-2025,Cancelled
438,424,03-05-2025,Cancelled
439,250,08-10-2025,Delivered
440,998,04-09-2025,Delivered
441,68,24-06-2025,Delivered
442,834,22-12-2025,Cancelled
443,442,11-08-2025,Cancelled
444,807,25-06-2025,Cancelled
445,711,01-05-2025,Delivered
446,679,09-12-2025,Delivered
447,758,31-12-2025,Cancelled
448,857,07-09-2025,Delivered
449,607,02-11-2025,Delivered
450,334,12-10-2025,Delivered
451,842,16-08-2025,Delivered
452,316,27-07-2025,Delivered
453,613,25-02-2025,Returned
454,834,02-11-2025,Delivered
455,336,11-09-2025,Returned
456,677,01-02-2025,Delivered
457,223,13-03-2025,Cancelled
458,925,22-11-2025,Delivered
459,776,17-03-2025,Returned
460,153,20-08-2025,Cancelled
461,299,19-07-2025,Cancelled
462,592,17-08-2025,Delivered
463,211,15-12-2025,Delivered
464,307,19-10-2025,Returned
465,312,11-08-2025,Returned
466,938,26-06-2025,Delivered
467,597,05-01-2025,Cancelled
468,523,26-07-2025,Delivered
469,873,31-05-2025,Delivered
470,379,09-10-2025,Delivered
471,1,27-12-2025,Cancelled
472,841,03-07-2025,Delivered
473,882,25-05-2025,Delivered
474,241,10-08-2025,Returned
475,605,21-07-2025,Returned
476,326,31-12-2025,Delivered
477,416,15-07-2025,Delivered
478,559,19-04-2025,Returned
479,178,01-09-2025,Delivered
480,193,12-10-2025,Delivered
481,864,04-07-2025,Delivered
482,158,28-05-2025,Returned
483,129,10-03-2025,Delivered
484,74,28-11-2025,Delivered
485,148,07-09-2025,Returned
486,448,11-03-2025,Delivered
487,141,25-11-2025,Delivered
488,881,22-08-2025,Returned
489,619,06-08-2025,Cancelled
490,185,21-08-2025,Cancelled
491,435,10-10-2025,Delivered
492,394,01-07-2025,Delivered
493,191,06-08-2025,Cancelled
494,8,23-10-2025,Delivered
495,868,02-05-2025,Returned
496,514,18-05-2025,Delivered
497,949,07-10-2025,Cancelled
498,376,18-01-2025,Delivered
499,582,05-09-2025,Returned
500,378,27-02-2025,Cancelled
501,494,20-12-2025,Delivered
502,146,27-09-2025,Delivered
503,477,22-09-2025,Delivered
504,536,09-11-2025,Delivered
505,252,30-08-2025,Returned
506,760,06-12-2025,Returned
507,80,17-12-2025,Returned
508,553,24-10-2025,Delivered
509,628,28-01-2025,Delivered
510,548,06-01-2025,Delivered
511,465,20-09-2025,Delivered
512,588,19-06-2025,Delivered
513,362,31-05-2025,Delivered
514,172,19-01-2025,Returned
515,946,02-11-2025,Returned
516,312,16-10-2025,Delivered
517,63,19-11-2025,Delivered
518,593,28-03-2025,Cancelled
519,53,03-12-2025,Delivered
520,829,16-11-2025,Delivered
521,294,06-09-2025,Delivered
522,130,16-09-2025,Delivered
523,872,23-05-2025,Delivered
524,136,12-11-2025,Delivered
525,282,12-05-2025,Delivered
526,760,27-02-2025,Cancelled
527,179,30-10-2025,Returned
528,155,04-12-2025,Delivered
529,379,31-03-2025,Delivered
530,802,25-12-2025,Delivered
531,497,03-04-2025,Cancelled
532,883,17-01-2025,Delivered
533,87,16-03-2025,Cancelled
534,957,20-03-2025,Delivered
535,771,31-07-2025,Delivered
536,244,05-12-2025,Delivered
537,744,23-11-2025,Delivered
538,216,23-10-2025,Returned
539,863,26-06-2025,Delivered
540,658,16-05-2025,Delivered
541,54,27-03-2025,Delivered
542,409,01-09-2025,Delivered
543,488,30-09-2025,Delivered
544,389,16-12-2025,Returned
545,400,31-08-2025,Delivered
546,149,29-09-2025,Delivered
547,13,28-05-2025,Delivered
548,392,14-12-2025,Delivered
549,985,29-09-2025,Returned
550,979,22-01-2025,Delivered
551,940,30-09-2025,Returned
552,363,10-08-2025,Cancelled
553,941,30-11-2025,Delivered
554,344,19-05-2025,Delivered
555,822,20-02-2025,Delivered
556,671,27-10-2025,Delivered
557,473,12-12-2025,Returned
558,248,11-12-2025,Cancelled
559,789,10-04-2025,Cancelled
560,346,13-12-2025,Returned
561,185,10-06-2025,Cancelled
562,11,11-12-2025,Delivered
563,852,04-02-2025,Delivered
564,422,20-02-2025,Cancelled
565,107,17-12-2025,Delivered
566,360,23-04-2025,Returned
567,291,09-05-2025,Delivered
568,35,13-01-2025,Cancelled
569,95,30-01-2025,Cancelled
570,673,22-04-2025,Cancelled
571,654,04-03-2025,Returned
572,981,03-03-2025,Delivered
573,877,06-11-2025,Delivered
574,385,03-12-2025,Returned
575,580,05-04-2025,Delivered
576,713,05-04-2025,Delivered
577,302,28-08-2025,Returned
578,959,08-02-2025,Returned
579,465,22-05-2025,Delivered
580,709,08-12-2025,Delivered
581,264,24-03-2025,Delivered
582,284,01-02-2025,Delivered
583,398,20-06-2025,Delivered
584,265,16-05-2025,Delivered
585,452,05-02-2025,Delivered
586,951,13-04-2025,Cancelled
587,403,02-04-2025,Returned
588,504,25-02-2025,Delivered
589,554,09-08-2025,Delivered
590,629,26-11-2025,Delivered
591,935,15-08-2025,Returned
592,266,22-02-2025,Delivered
593,75,06-02-2025,Cancelled
594,746,09-05-2025,Delivered
595,20,12-09-2025,Delivered
596,669,24-11-2025,Delivered
597,956,20-01-2025,Returned
598,400,17-05-2025,Delivered
599,717,18-06-2025,Delivered
600,589,02-01-2025,Cancelled
601,725,09-09-2025,Delivered
602,447,26-07-2025,Returned
603,800,05-02-2025,Cancelled
604,232,02-01-2025,Delivered
605,978,19-12-2025,Delivered
606,125,18-10-2025,Cancelled
607,958,03-07-2025,Delivered
608,699,05-06-2025,Delivered
609,57,20-11-2025,Returned
610,93,07-07-2025,Cancelled
611,874,24-06-2025,Delivered
612,862,24-08-2025,Delivered
613,664,14-04-2025,Delivered
614,568,21-01-2025,Delivered
615,677,08-04-2025,Delivered
616,713,19-07-2025,Delivered
617,646,19-12-2025,Delivered
618,499,13-02-2025,Returned
619,449,08-04-2025,Delivered
620,37,09-04-2025,Delivered
621,738,31-10-2025,Delivered
622,501,19-07-2025,Delivered
623,812,04-10-2025,Returned
624,316,13-09-2025,Cancelled
625,989,19-08-2025,Delivered
626,38,23-06-2025,Delivered
627,346,22-01-2025,Delivered
628,122,19-04-2025,Returned
629,684,25-09-2025,Delivered
630,963,14-12-2025,Cancelled
631,153,24-10-2025,Delivered
632,948,06-02-2025,Delivered
633,754,14-03-2025,Delivered
634,670,10-01-2025,Delivered
635,929,13-11-2025,Delivered
636,249,26-12-2025,Returned
637,134,08-01-2025,Delivered
638,648,26-01-2025,Delivered
639,841,19-02-2025,Delivered
640,626,29-03-2025,Cancelled
641,66,24-02-2025,Delivered
642,510,01-11-2025,Cancelled
643,226,02-02-2025,Delivered
644,437,22-06-2025,Returned
645,695,25-07-2025,Delivered
646,124,17-12-2025,Cancelled
647,559,12-03-2025,Delivered
648,857,20-04-2025,Delivered
649,608,30-03-2025,Delivered
650,65,03-03-2025,Delivered
651,145,01-08-2025,Delivered
652,714,09-07-2025,Cancelled
653,169,13-08-2025,Delivered
654,948,25-10-2025,Delivered
655,137,21-02-2025,Returned
656,628,12-07-2025,Delivered
657,17,07-09-2025,Delivered
658,7,04-01-2025,Delivered
659,949,15-02-2025,Returned
660,668,31-10-2025,Delivered
661,427,22-12-2025,Delivered
662,709,06-03-2025,Delivered
663,147,24-11-2025,Delivered
664,536,19-08-2025,Delivered
665,245,31-03-2025,Cancelled
666,709,20-01-2025,Cancelled
667,185,13-09-2025,Cancelled
668,974,15-02-2025,Returned
669,847,04-06-2025,Delivered
670,429,03-01-2025,Cancelled
671,242,09-04-2025,Delivered
672,543,18-02-2025,Cancelled
673,371,04-10-2025,Cancelled
674,225,26-08-2025,Returned
675,676,17-04-2025,Delivered
676,55,10-04-2025,Delivered
677,816,18-03-2025,Returned
678,865,31-08-2025,Delivered
679,181,23-03-2025,Returned
680,945,23-01-2025,Delivered
681,661,06-07-2025,Delivered
682,215,11-08-2025,Delivered
683,343,12-11-2025,Delivered
684,45,23-02-2025,Returned
685,54,03-10-2025,Delivered
686,162,15-01-2025,Delivered
687,528,01-03-2025,Delivered
688,917,01-05-2025,Returned
689,456,31-10-2025,Cancelled
690,334,03-08-2025,Delivered
691,766,13-12-2025,Delivered
692,236,26-02-2025,Delivered
693,234,20-02-2025,Delivered
694,756,31-07-2025,Delivered
695,385,23-04-2025,Delivered
696,483,27-10-2025,Delivered
697,56,12-08-2025,Delivered
698,222,09-11-2025,Delivered
699,183,18-07-2025,Delivered
700,140,23-08-2025,Returned
701,199,20-11-2025,Delivered
702,999,19-05-2025,Delivered
703,344,07-03-2025,Delivered
704,709,19-10-2025,Delivered
705,288,11-03-2025,Delivered
706,873,27-08-2025,Delivered
707,429,29-03-2025,Delivered
708,226,01-06-2025,Cancelled
709,161,23-11-2025,Cancelled
710,928,29-03-2025,Cancelled
711,994,11-10-2025,Delivered
712,89,30-07-2025,Cancelled
713,501,21-04-2025,Cancelled
714,485,25-08-2025,Delivered
715,15,08-08-2025,Returned
716,894,07-05-2025,Delivered
717,336,11-08-2025,Cancelled
718,228,30-10-2025,Delivered
719,936,21-10-2025,Delivered
720,428,23-01-2025,Delivered
721,482,16-09-2025,Delivered
722,436,29-09-2025,Delivered
723,491,23-12-2025,Delivered
724,464,11-09-2025,Delivered
725,86,13-10-2025,Delivered
726,710,28-07-2025,Delivered
727,136,03-07-2025,Delivered
728,245,28-11-2025,Delivered
729,17,03-09-2025,Returned
730,313,24-03-2025,Returned
731,471,20-10-2025,Returned
732,598,13-01-2025,Delivered
733,475,12-03-2025,Returned
734,416,05-04-2025,Delivered
735,642,26-08-2025,Returned
736,649,01-01-2025,Returned
737,73,17-07-2025,Returned
738,341,29-09-2025,Delivered
739,304,07-08-2025,Delivered
740,715,10-11-2025,Cancelled
741,590,17-04-2025,Returned
742,83,14-11-2025,Delivered
743,754,29-01-2025,Cancelled
744,969,12-12-2025,Delivered
745,910,27-01-2025,Delivered
746,393,07-07-2025,Delivered
747,634,21-01-2025,Delivered
748,376,31-03-2025,Returned
749,573,27-12-2025,Delivered
750,575,30-12-2025,Delivered
751,142,21-06-2025,Delivered
752,553,28-02-2025,Returned
753,490,25-10-2025,Returned
754,215,26-04-2025,Delivered
755,362,17-05-2025,Cancelled
756,697,05-08-2025,Delivered
757,56,02-02-2025,Delivered
758,354,20-08-2025,Delivered
759,514,27-09-2025,Delivered
760,482,30-12-2025,Cancelled
761,695,30-09-2025,Delivered
762,463,14-11-2025,Delivered
763,820,11-12-2025,Returned
764,829,03-02-2025,Delivered
765,914,23-08-2025,Delivered
766,83,20-07-2025,Delivered
767,296,09-02-2025,Delivered
768,169,22-05-2025,Delivered
769,714,17-03-2025,Delivered
770,155,15-04-2025,Cancelled
771,975,18-11-2025,Delivered
772,301,02-08-2025,Returned
773,555,09-03-2025,Delivered
774,356,04-08-2025,Delivered
775,756,27-11-2025,Delivered
776,299,07-04-2025,Delivered
777,23,29-04-2025,Cancelled
778,661,21-06-2025,Delivered
779,593,25-06-2025,Returned
780,662,17-06-2025,Delivered
781,608,07-12-2025,Returned
782,543,08-10-2025,Delivered
783,469,05-06-2025,Cancelled
784,136,06-06-2025,Delivered
785,809,14-05-2025,Delivered
786,496,10-07-2025,Delivered
787,789,25-01-2025,Delivered
788,362,26-05-2025,Delivered
789,980,27-03-2025,Cancelled
790,947,24-03-2025,Returned
791,549,27-05-2025,Delivered
792,997,31-03-2025,Returned
793,710,08-12-2025,Delivered
794,166,02-05-2025,Delivered
795,43,12-06-2025,Cancelled
796,130,14-08-2025,Delivered
797,379,05-04-2025,Delivered
798,576,29-12-2025,Delivered
799,682,12-06-2025,Delivered
800,152,10-07-2025,Delivered
801,553,25-03-2025,Cancelled
802,309,04-03-2025,Delivered
803,415,13-09-2025,Delivered
804,971,23-08-2025,Delivered
805,160,03-01-2025,Returned
806,560,17-09-2025,Delivered
807,663,28-12-2025,Delivered
808,486,29-05-2025,Cancelled
809,683,17-03-2025,Cancelled
810,747,15-08-2025,Delivered
811,706,27-02-2025,Returned
812,491,21-01-2025,Delivered
813,695,10-10-2025,Delivered
814,316,13-01-2025,Delivered
815,633,23-04-2025,Delivered
816,366,17-02-2025,Delivered
817,57,08-11-2025,Returned
818,200,26-10-2025,Cancelled
819,228,23-05-2025,Delivered
820,24,12-02-2025,Cancelled
821,870,17-08-2025,Returned
822,688,14-02-2025,Cancelled
823,404,10-04-2025,Delivered
824,326,05-11-2025,Cancelled
825,524,29-01-2025,Returned
826,370,23-07-2025,Delivered
827,734,07-08-2025,Delivered
828,396,10-07-2025,Delivered
829,292,26-06-2025,Delivered
830,316,17-08-2025,Cancelled
831,90,21-04-2025,Returned
832,910,16-08-2025,Returned
833,426,15-08-2025,Delivered
834,168,06-08-2025,Returned
835,918,01-08-2025,Delivered
836,856,28-10-2025,Cancelled
837,89,15-03-2025,Delivered
838,311,01-09-2025,Cancelled
839,344,03-02-2025,Cancelled
840,775,12-07-2025,Delivered
841,7,29-07-2025,Returned
842,937,20-05-2025,Delivered
843,180,12-10-2025,Delivered
844,728,18-10-2025,Delivered
845,205,06-04-2025,Delivered
846,297,11-10-2025,Delivered
847,44,04-06-2025,Cancelled
848,312,10-09-2025,Cancelled
849,758,26-08-2025,Delivered
850,28,02-01-2025,Delivered
851,269,03-06-2025,Returned
852,855,22-11-2025,Delivered
853,128,01-12-2025,Returned
854,915,28-05-2025,Delivered
855,184,09-09-2025,Returned
856,661,06-05-2025,Delivered
857,123,22-05-2025,Delivered
858,994,04-02-2025,Cancelled
859,764,05-07-2025,Cancelled
860,493,17-10-2025,Delivered
861,890,13-05-2025,Returned
862,703,01-09-2025,Returned
863,838,03-03-2025,Delivered
864,525,22-10-2025,Delivered
865,866,13-05-2025,Delivered
866,596,30-01-2025,Delivered
867,328,25-08-2025,Returned
868,139,02-07-2025,Delivered
869,55,20-05-2025,Delivered
870,430,22-11-2025,Delivered
871,50,29-05-2025,Delivered
872,543,24-11-2025,Delivered
873,527,10-04-2025,Returned
874,188,18-02-2025,Cancelled
875,771,27-03-2025,Cancelled
876,331,11-06-2025,Returned
877,820,04-06-2025,Delivered
878,702,24-12-2025,Returned
879,372,19-02-2025,Cancelled
880,594,30-06-2025,Delivered
881,14,12-03-2025,Cancelled
882,289,10-07-2025,Delivered
883,422,24-06-2025,Delivered
884,105,22-04-2025,Delivered
885,516,24-04-2025,Delivered
886,815,14-10-2025,Cancelled
887,707,27-09-2025,Cancelled
888,730,10-10-2025,Returned
889,775,28-02-2025,Delivered
890,472,09-02-2025,Delivered
891,839,09-03-2025,Delivered
892,492,28-06-2025,Delivered
893,708,05-07-2025,Delivered
894,837,15-08-2025,Cancelled
895,536,25-06-2025,Delivered
896,727,05-06-2025,Delivered
897,763,02-03-2025,Delivered
898,132,22-12-2025,Delivered
899,705,27-04-2025,Delivered
900,129,18-04-2025,Delivered
901,81,06-08-2025,Returned
902,782,27-02-2025,Delivered
903,20,05-09-2025,Delivered
904,44,11-04-2025,Delivered
905,34,04-12-2025,Cancelled
906,608,31-01-2025,Delivered
907,122,10-05-2025,Delivered
908,68,04-06-2025,Returned
909,11,19-02-2025,Delivered
910,943,05-11-2025,Delivered
911,602,13-04-2025,Delivered
912,687,29-06-2025,Delivered
913,93,16-03-2025,Returned
914,965,23-05-2025,Cancelled
915,357,30-06-2025,Delivered
916,876,14-09-2025,Returned
917,628,04-05-2025,Cancelled
918,584,04-02-2025,Delivered
919,840,24-10-2025,Delivered
920,542,22-04-2025,Returned
921,197,25-05-2025,Delivered
922,924,03-10-2025,Delivered
923,997,20-02-2025,Delivered
924,943,16-09-2025,Returned
925,487,07-07-2025,Returned
926,604,05-04-2025,Delivered
927,690,24-02-2025,Delivered
928,855,01-07-2025,Delivered
929,435,20-04-2025,Cancelled
930,234,28-07-2025,Delivered
931,780,10-06-2025,Delivered
932,478,26-02-2025,Cancelled
933,140,11-09-2025,Delivered
934,722,28-05-2025,Cancelled
935,740,21-01-2025,Delivered
936,336,10-09-2025,Delivered
937,395,26-05-2025,Delivered
938,615,09-06-2025,Returned
939,1000,16-08-2025,Delivered
940,568,28-07-2025,Delivered
941,876,08-08-2025,Delivered
942,878,05-02-2025,Delivered
943,962,14-12-2025,Delivered
944,184,07-01-2025,Returned
945,504,11-12-2025,Delivered
946,406,13-08-2025,Cancelled
947,675,13-12-2025,Delivered
948,123,15-03-2025,Delivered
949,411,22-12-2025,Cancelled
950,105,28-03-2025,Delivered
951,373,12-04-2025,Delivered
952,206,01-11-2025,Delivered
953,126,30-04-2025,Delivered
954,743,13-09-2025,Delivered
955,784,25-10-2025,Cancelled
956,280,26-11-2025,Delivered
957,365,01-09-2025,Returned
958,618,27-07-2025,Delivered
959,524,23-05-2025,Delivered
960,787,21-08-2025,Delivered
961,126,09-05-2025,Delivered
962,510,29-04-2025,Returned
963,966,10-03-2025,Delivered
964,102,28-01-2025,Delivered
965,511,14-12-2025,Delivered
966,996,02-04-2025,Delivered
967,620,14-12-2025,Delivered
968,157,05-06-2025,Cancelled
969,639,19-02-2025,Delivered
970,677,24-09-2025,Delivered
971,812,27-08-2025,Delivered
972,301,05-12-2025,Delivered
973,503,16-09-2025,Delivered
974,556,25-06-2025,Cancelled
975,560,10-01-2025,Delivered
976,441,02-03-2025,Delivered
977,461,11-06-2025,Delivered
978,454,24-08-2025,Delivered
979,34,01-04-2025,Cancelled
980,676,05-06-2025,Returned
981,169,09-09-2025,Delivered
982,138,09-06-2025,Returned
983,399,07-09-2025,Delivered
984,583,12-12-2025,Delivered
985,676,11-10-2025,Returned
986,553,20-10-2025,Delivered
987,488,15-10-2025,Delivered
988,519,29-01-2025,Delivered
989,270,11-09-2025,Cancelled
990,995,13-07-2025,Cancelled
991,693,30-06-2025,Delivered
992,329,01-02-2025,Delivered
993,605,24-01-2025,Delivered
994,858,07-07-2025,Delivered
995,829,26-10-2025,Delivered
996,784,17-11-2025,Delivered
997,390,19-02-2025,Delivered
998,354,02-07-2025,Delivered
999,360,29-01-2025,Returned
1000,251,07-05-2025,Delivered
1001,664,09-06-2025,Cancelled
1002,87,19-12-2025,Delivered
1003,890,06-06-2025,Delivered
1004,346,28-03-2025,Delivered
1005,552,16-06-2025,Delivered
1006,472,03-12-2025,Delivered
1007,582,21-09-2025,Delivered
1008,274,11-01-2025,Returned
1009,481,29-10-2025,Delivered
1010,325,13-07-2025,Cancelled
1011,400,15-06-2025,Cancelled
1012,101,08-09-2025,Delivered
1013,708,12-12-2025,Delivered
1014,345,12-09-2025,Cancelled
1015,831,08-12-2025,Delivered
1016,171,11-11-2025,Delivered
1017,373,12-08-2025,Delivered
1018,509,22-11-2025,Delivered
1019,861,02-10-2025,Delivered
1020,295,16-05-2025,Delivered
1021,305,21-10-2025,Delivered
1022,824,26-04-2025,Cancelled
1023,761,17-02-2025,Returned
1024,865,24-10-2025,Delivered
1025,607,22-06-2025,Delivered
1026,69,18-10-2025,Cancelled
1027,487,07-08-2025,Delivered
1028,356,09-02-2025,Returned
1029,844,04-06-2025,Cancelled
1030,824,03-06-2025,Delivered
1031,680,04-10-2025,Delivered
1032,205,01-08-2025,Delivered
1033,258,16-11-2025,Cancelled
1034,465,10-12-2025,Cancelled
1035,185,10-01-2025,Returned
1036,721,22-09-2025,Delivered
1037,591,13-09-2025,Delivered
1038,677,28-08-2025,Delivered
1039,960,23-11-2025,Cancelled
1040,829,11-11-2025,Delivered
1041,958,17-10-2025,Returned
1042,642,31-01-2025,Cancelled
1043,206,06-07-2025,Delivered
1044,152,04-05-2025,Delivered
1045,765,17-12-2025,Delivered
1046,865,11-08-2025,Delivered
1047,327,02-02-2025,Returned
1048,209,31-07-2025,Delivered
1049,844,27-05-2025,Returned
1050,165,12-05-2025,Returned
1051,616,01-05-2025,Delivered
1052,245,28-02-2025,Delivered
1053,197,15-01-2025,Delivered
1054,817,08-06-2025,Delivered
1055,498,14-10-2025,Delivered
1056,433,28-11-2025,Delivered
1057,207,23-03-2025,Delivered
1058,140,15-01-2025,Delivered
1059,809,23-05-2025,Returned
1060,564,01-04-2025,Returned
1061,873,22-01-2025,Returned
1062,498,11-01-2025,Delivered
1063,881,12-02-2025,Delivered
1064,617,02-06-2025,Delivered
1065,923,28-07-2025,Delivered
1066,688,03-12-2025,Delivered
1067,407,13-03-2025,Delivered
1068,115,20-10-2025,Returned
1069,513,03-03-2025,Cancelled
1070,681,25-10-2025,Cancelled
1071,258,12-09-2025,Delivered
1072,244,04-11-2025,Delivered
1073,792,10-06-2025,Delivered
1074,853,27-10-2025,Returned
1075,400,01-05-2025,Delivered
1076,224,15-03-2025,Delivered
1077,180,20-04-2025,Delivered
1078,451,29-07-2025,Delivered
1079,884,29-10-2025,Delivered
1080,503,01-10-2025,Delivered
1081,717,27-02-2025,Delivered
1082,559,05-08-2025,Delivered
1083,700,07-05-2025,Delivered
1084,901,16-03-2025,Delivered
1085,487,08-07-2025,Delivered
1086,22,27-11-2025,Cancelled
1087,36,06-12-2025,Delivered
1088,708,10-12-2025,Delivered
1089,260,10-10-2025,Delivered
1090,317,24-11-2025,Returned
1091,372,17-12-2025,Delivered
1092,548,02-05-2025,Delivered
1093,398,05-01-2025,Delivered
1094,950,11-05-2025,Delivered
1095,93,01-05-2025,Delivered
1096,216,24-03-2025,Delivered
1097,647,12-06-2025,Returned
1098,417,18-01-2025,Delivered
1099,888,11-02-2025,Delivered
1100,483,31-07-2025,Delivered
1101,735,05-08-2025,Delivered
1102,845,24-03-2025,Returned
1103,268,17-09-2025,Delivered
1104,361,04-08-2025,Cancelled
1105,747,08-10-2025,Returned
1106,335,21-08-2025,Returned
1107,29,27-01-2025,Returned
1108,657,05-04-2025,Returned
1109,455,25-11-2025,Delivered
1110,4,25-07-2025,Delivered
1111,644,06-06-2025,Delivered
1112,590,12-02-2025,Delivered
1113,162,08-05-2025,Cancelled
1114,731,29-11-2025,Delivered
1115,868,01-11-2025,Returned
1116,421,13-06-2025,Delivered
1117,490,10-03-2025,Delivered
1118,178,18-12-2025,Cancelled
1119,847,17-06-2025,Delivered
1120,204,13-02-2025,Delivered
1121,377,04-04-2025,Delivered
1122,898,13-07-2025,Cancelled
1123,230,11-01-2025,Delivered
1124,946,13-10-2025,Returned
1125,627,17-11-2025,Delivered
1126,929,15-02-2025,Delivered
1127,204,15-05-2025,Returned
1128,873,28-03-2025,Delivered
1129,411,13-11-2025,Delivered
1130,615,14-05-2025,Delivered
1131,92,08-07-2025,Delivered
1132,970,18-10-2025,Delivered
1133,15,27-09-2025,Delivered
1134,792,21-08-2025,Returned
1135,507,02-03-2025,Delivered
1136,731,15-04-2025,Delivered
1137,969,17-05-2025,Delivered
1138,765,11-09-2025,Delivered
1139,134,09-08-2025,Delivered
1140,615,21-04-2025,Delivered
1141,745,13-12-2025,Delivered
1142,429,03-04-2025,Delivered
1143,812,16-03-2025,Delivered
1144,298,15-05-2025,Delivered
1145,633,19-08-2025,Delivered
1146,379,26-10-2025,Returned
1147,663,23-08-2025,Delivered
1148,11,29-08-2025,Delivered
1149,893,15-06-2025,Returned
1150,408,18-12-2025,Delivered
1151,731,16-07-2025,Returned
1152,434,02-11-2025,Delivered
1153,75,18-02-2025,Cancelled
1154,61,27-01-2025,Delivered
1155,954,01-05-2025,Delivered
1156,931,01-07-2025,Cancelled
1157,962,10-12-2025,Cancelled
1158,727,24-01-2025,Delivered
1159,260,16-09-2025,Cancelled
1160,391,04-06-2025,Delivered
1161,688,09-07-2025,Delivered
1162,992,14-10-2025,Delivered
1163,595,02-04-2025,Delivered
1164,174,15-09-2025,Delivered
1165,953,23-06-2025,Delivered
1166,136,15-02-2025,Delivered
1167,728,29-09-2025,Delivered
1168,146,14-05-2025,Delivered
1169,321,23-01-2025,Delivered
1170,512,24-05-2025,Returned
1171,370,09-08-2025,Delivered
1172,925,15-05-2025,Cancelled
1173,850,16-05-2025,Cancelled
1174,321,12-08-2025,Delivered
1175,324,09-09-2025,Delivered
1176,570,03-12-2025,Returned
1177,818,14-08-2025,Delivered
1178,194,18-03-2025,Delivered
1179,236,04-04-2025,Delivered
1180,482,14-05-2025,Delivered
1181,723,28-08-2025,Delivered
1182,119,11-09-2025,Delivered
1183,453,02-07-2025,Returned
1184,575,06-09-2025,Delivered
1185,505,27-02-2025,Returned
1186,888,17-03-2025,Delivered
1187,358,17-02-2025,Delivered
1188,890,26-05-2025,Delivered
1189,855,28-03-2025,Returned
1190,521,20-05-2025,Cancelled
1191,913,06-12-2025,Cancelled
1192,218,26-10-2025,Delivered
1193,539,20-10-2025,Delivered
1194,427,09-02-2025,Delivered
1195,787,13-09-2025,Returned
1196,97,18-06-2025,Delivered
1197,292,15-12-2025,Returned
1198,125,21-07-2025,Delivered
1199,605,24-02-2025,Delivered
1200,158,15-01-2025,Delivered
1201,472,29-12-2025,Returned
1202,492,21-08-2025,Returned
1203,979,18-05-2025,Cancelled
1204,674,03-01-2025,Delivered
1205,994,23-01-2025,Returned
1206,638,20-08-2025,Delivered
1207,971,19-10-2025,Delivered
1208,217,25-01-2025,Returned
1209,290,15-06-2025,Delivered
1210,762,06-02-2025,Cancelled
1211,975,05-11-2025,Delivered
1212,95,24-07-2025,Delivered
1213,183,03-05-2025,Delivered
1214,92,11-01-2025,Delivered
1215,167,18-07-2025,Delivered
1216,292,28-11-2025,Returned
1217,158,03-03-2025,Delivered
1218,503,10-08-2025,Returned
1219,826,08-06-2025,Returned
1220,618,09-03-2025,Delivered
1221,682,19-02-2025,Delivered
1222,525,13-04-2025,Delivered
1223,457,18-07-2025,Delivered
1224,275,16-10-2025,Cancelled
1225,434,16-02-2025,Delivered
1226,831,08-07-2025,Cancelled
1227,191,11-08-2025,Returned
1228,437,17-02-2025,Delivered
1229,526,24-06-2025,Delivered
1230,693,25-04-2025,Returned
1231,703,21-03-2025,Delivered
1232,540,19-11-2025,Returned
1233,538,12-02-2025,Delivered
1234,480,12-08-2025,Delivered
1235,929,02-09-2025,Delivered
1236,153,07-03-2025,Returned
1237,925,03-06-2025,Delivered
1238,536,07-08-2025,Delivered
1239,583,25-01-2025,Cancelled
1240,79,24-01-2025,Cancelled
1241,111,19-09-2025,Delivered
1242,423,18-02-2025,Delivered
1243,677,19-10-2025,Delivered
1244,364,11-05-2025,Cancelled
1245,84,15-09-2025,Delivered
1246,117,05-12-2025,Delivered
1247,184,04-04-2025,Delivered
1248,47,12-02-2025,Delivered
1249,898,27-12-2025,Delivered
1250,322,28-10-2025,Returned
1251,466,10-12-2025,Delivered
1252,639,16-05-2025,Delivered
1253,990,06-04-2025,Delivered
1254,190,10-02-2025,Returned
1255,619,13-05-2025,Returned
1256,109,11-08-2025,Cancelled
1257,19,03-01-2025,Delivered
1258,120,07-01-2025,Delivered
1259,672,02-09-2025,Delivered
1260,709,27-07-2025,Returned
1261,989,05-11-2025,Returned
1262,499,05-06-2025,Cancelled
1263,833,12-11-2025,Delivered
1264,708,11-12-2025,Returned
1265,692,22-07-2025,Delivered
1266,90,06-03-2025,Delivered
1267,15,08-04-2025,Delivered
1268,836,09-01-2025,Returned
1269,994,07-04-2025,Delivered
1270,215,04-09-2025,Returned
1271,149,29-11-2025,Delivered
1272,447,17-11-2025,Cancelled
1273,196,14-02-2025,Delivered
1274,789,26-08-2025,Delivered
1275,486,05-08-2025,Delivered
1276,120,27-03-2025,Delivered
1277,757,26-12-2025,Delivered
1278,987,06-09-2025,Delivered
1279,21,19-08-2025,Cancelled
1280,249,14-04-2025,Delivered
1281,584,20-07-2025,Delivered
1282,342,05-01-2025,Delivered
1283,646,10-08-2025,Delivered
1284,869,11-09-2025,Returned
1285,593,02-11-2025,Returned
1286,568,29-05-2025,Delivered
1287,500,24-07-2025,Delivered
1288,526,30-10-2025,Returned
1289,627,14-12-2025,Delivered
1290,238,01-02-2025,Cancelled
1291,20,05-08-2025,Cancelled
1292,324,11-10-2025,Delivered
1293,275,28-11-2025,Delivered
1294,911,31-08-2025,Delivered
1295,507,15-11-2025,Returned
1296,356,18-08-2025,Returned
1297,447,11-01-2025,Delivered
1298,295,09-04-2025,Delivered
1299,353,13-08-2025,Delivered
1300,520,23-04-2025,Cancelled
1301,931,17-12-2025,Delivered
1302,944,05-11-2025,Returned
1303,673,28-08-2025,Delivered
1304,905,31-05-2025,Returned
1305,729,19-07-2025,Delivered
1306,854,11-12-2025,Returned
1307,753,04-07-2025,Delivered
1308,819,24-03-2025,Cancelled
1309,213,25-05-2025,Returned
1310,768,14-02-2025,Returned
1311,495,08-03-2025,Delivered
1312,205,22-03-2025,Cancelled
1313,504,21-02-2025,Delivered
1314,966,10-09-2025,Delivered
1315,241,18-04-2025,Cancelled
1316,49,10-01-2025,Delivered
1317,903,14-05-2025,Delivered
1318,694,23-03-2025,Delivered
1319,848,15-09-2025,Delivered
1320,827,02-02-2025,Delivered
1321,441,28-02-2025,Cancelled
1322,233,03-03-2025,Cancelled
1323,230,07-09-2025,Delivered
1324,349,01-07-2025,Delivered
1325,789,13-10-2025,Delivered
1326,918,19-03-2025,Returned
1327,895,21-09-2025,Cancelled
1328,686,23-02-2025,Returned
1329,52,13-08-2025,Delivered
1330,986,26-02-2025,Delivered
1331,801,09-11-2025,Cancelled
1332,801,22-02-2025,Cancelled
1333,43,17-09-2025,Delivered
1334,172,19-11-2025,Delivered
1335,892,16-04-2025,Delivered
1336,161,30-05-2025,Returned
1337,453,17-09-2025,Delivered
1338,751,20-02-2025,Delivered
1339,663,06-07-2025,Delivered
1340,839,12-03-2025,Delivered
1341,869,14-04-2025,Delivered
1342,993,01-08-2025,Delivered
1343,252,31-08-2025,Delivered
1344,294,16-09-2025,Delivered
1345,88,17-05-2025,Delivered
1346,733,01-08-2025,Delivered
1347,645,07-12-2025,Delivered
1348,156,29-09-2025,Delivered
1349,807,27-04-2025,Delivered
1350,822,08-08-2025,Delivered
1351,941,29-07-2025,Delivered
1352,975,22-09-2025,Returned
1353,371,16-01-2025,Delivered
1354,150,06-01-2025,Returned
1355,826,22-09-2025,Delivered
1356,87,23-06-2025,Delivered
1357,412,26-03-2025,Delivered
1358,63,21-07-2025,Delivered
1359,677,25-11-2025,Delivered
1360,925,22-10-2025,Delivered
1361,647,05-12-2025,Cancelled
1362,997,01-06-2025,Delivered
1363,412,15-12-2025,Returned
1364,567,05-06-2025,Returned
1365,761,10-06-2025,Delivered
1366,9,24-05-2025,Cancelled
1367,626,17-03-2025,Returned
1368,414,17-08-2025,Returned
1369,211,06-10-2025,Cancelled
1370,808,13-11-2025,Returned
1371,453,24-12-2025,Delivered
1372,909,29-11-2025,Delivered
1373,795,12-04-2025,Delivered
1374,87,19-01-2025,Cancelled
1375,343,19-07-2025,Returned
1376,737,06-03-2025,Cancelled
1377,554,26-05-2025,Delivered
1378,96,19-09-2025,Cancelled
1379,320,24-09-2025,Delivered
1380,776,22-11-2025,Delivered
1381,24,15-01-2025,Cancelled
1382,607,13-05-2025,Delivered
1383,853,05-06-2025,Returned
1384,433,16-09-2025,Delivered
1385,750,31-01-2025,Delivered
1386,266,18-11-2025,Cancelled
1387,363,05-03-2025,Delivered
1388,775,30-11-2025,Delivered
1389,460,02-06-2025,Cancelled
1390,755,03-01-2025,Delivered
1391,348,01-05-2025,Returned
1392,596,17-10-2025,Returned
1393,916,18-11-2025,Returned
1394,547,01-11-2025,Delivered
1395,359,03-06-2025,Delivered
1396,683,21-10-2025,Returned
1397,144,13-07-2025,Cancelled
1398,756,07-05-2025,Delivered
1399,336,22-09-2025,Cancelled
1400,198,04-07-2025,Delivered
1401,101,17-03-2025,Returned
1402,436,30-07-2025,Delivered
1403,95,01-02-2025,Delivered
1404,910,08-03-2025,Delivered
1405,220,17-08-2025,Delivered
1406,379,13-12-2025,Cancelled
1407,413,29-10-2025,Cancelled
1408,532,22-07-2025,Delivered
1409,599,13-09-2025,Returned
1410,434,14-08-2025,Returned
1411,954,08-09-2025,Returned
1412,997,02-08-2025,Delivered
1413,148,16-09-2025,Delivered
1414,497,31-12-2025,Delivered
1415,133,27-12-2025,Cancelled
1416,884,28-09-2025,Delivered
1417,712,19-04-2025,Delivered
1418,485,17-01-2025,Returned
1419,161,14-10-2025,Delivered
1420,944,02-03-2025,Cancelled
1421,873,29-07-2025,Delivered
1422,124,09-07-2025,Cancelled
1423,297,21-01-2025,Cancelled
1424,157,02-03-2025,Delivered
1425,313,11-07-2025,Delivered
1426,302,06-09-2025,Delivered
1427,811,15-03-2025,Delivered
1428,803,29-10-2025,Delivered
1429,50,06-06-2025,Delivered
1430,221,04-04-2025,Returned
1431,501,02-01-2025,Delivered
1432,561,28-06-2025,Delivered
1433,892,23-01-2025,Delivered
1434,493,21-10-2025,Delivered
1435,580,20-08-2025,Delivered
1436,801,13-07-2025,Delivered
1437,855,07-11-2025,Delivered
1438,781,12-03-2025,Cancelled
1439,652,24-08-2025,Delivered
1440,684,18-08-2025,Delivered
1441,888,16-06-2025,Delivered
1442,820,16-11-2025,Returned
1443,639,29-07-2025,Delivered
1444,239,22-07-2025,Delivered
1445,554,24-01-2025,Returned
1446,912,15-08-2025,Returned
1447,285,27-11-2025,Delivered
1448,887,26-03-2025,Returned
1449,26,20-10-2025,Returned
1450,816,29-12-2025,Delivered
1451,575,27-11-2025,Delivered
1452,660,14-10-2025,Delivered
1453,198,13-11-2025,Cancelled
1454,591,28-01-2025,Cancelled
1455,535,07-04-2025,Delivered
1456,515,10-01-2025,Delivered
1457,675,30-09-2025,Delivered
1458,986,10-01-2025,Delivered
1459,806,16-04-2025,Delivered
1460,850,28-12-2025,Cancelled
1461,455,13-02-2025,Cancelled
1462,622,14-06-2025,Delivered
1463,604,24-01-2025,Delivered
1464,883,12-01-2025,Delivered
1465,448,03-04-2025,Delivered
1466,25,28-09-2025,Delivered
1467,392,12-05-2025,Delivered
1468,118,20-02-2025,Cancelled
1469,173,27-05-2025,Delivered
1470,188,11-05-2025,Delivered
1471,158,07-06-2025,Delivered
1472,695,28-03-2025,Delivered
1473,630,16-06-2025,Delivered
1474,28,30-01-2025,Delivered
1475,400,20-02-2025,Delivered
1476,146,31-07-2025,Delivered
1477,265,12-07-2025,Delivered
1478,54,14-04-2025,Delivered
1479,771,02-11-2025,Cancelled
1480,243,10-09-2025,Cancelled
1481,771,16-09-2025,Delivered
1482,973,28-02-2025,Delivered
1483,63,12-06-2025,Delivered
1484,567,28-07-2025,Delivered
1485,496,15-01-2025,Delivered
1486,649,30-04-2025,Delivered
1487,276,11-10-2025,Cancelled
1488,692,21-02-2025,Delivered
1489,782,12-10-2025,Returned
1490,805,06-03-2025,Delivered
1491,582,28-07-2025,Delivered
1492,86,22-11-2025,Cancelled
1493,209,14-03-2025,Delivered
1494,554,28-03-2025,Delivered
1495,551,05-08-2025,Cancelled
1496,463,22-01-2025,Delivered
1497,833,26-08-2025,Cancelled
1498,297,01-12-2025,Delivered
1499,1,31-01-2025,Delivered
1500,280,03-11-2025,Delivered
1501,860,15-12-2025,Delivered
1502,360,20-11-2025,Delivered
1503,600,19-09-2025,Delivered
1504,47,24-03-2025,Returned
1505,547,16-10-2025,Delivered
1506,308,15-02-2025,Delivered
1507,716,04-03-2025,Delivered
1508,743,12-10-2025,Delivered
1509,900,10-08-2025,Delivered
1510,626,16-09-2025,Delivered
1511,906,16-12-2025,Delivered
1512,651,14-05-2025,Returned
1513,464,20-05-2025,Delivered
1514,679,14-06-2025,Delivered
1515,216,24-08-2025,Cancelled
1516,337,09-01-2025,Returned
1517,137,27-11-2025,Delivered
1518,624,01-09-2025,Delivered
1519,924,05-01-2025,Returned
1520,178,31-07-2025,Cancelled
1521,917,23-12-2025,Returned
1522,501,21-07-2025,Cancelled
1523,84,29-11-2025,Returned
1524,80,03-10-2025,Delivered
1525,914,10-12-2025,Delivered
1526,689,05-03-2025,Delivered
1527,996,12-07-2025,Cancelled
1528,367,18-07-2025,Delivered
1529,860,23-12-2025,Delivered
1530,128,25-08-2025,Delivered
1531,959,09-04-2025,Delivered
1532,10,24-04-2025,Returned
1533,21,24-05-2025,Returned
1534,944,30-12-2025,Delivered
1535,197,16-02-2025,Cancelled
1536,641,05-06-2025,Returned
1537,227,30-04-2025,Delivered
1538,991,05-07-2025,Delivered
1539,288,10-09-2025,Returned
1540,724,07-11-2025,Delivered
1541,8,11-04-2025,Returned
1542,406,26-02-2025,Delivered
1543,583,14-09-2025,Delivered
1544,175,10-10-2025,Delivered
1545,676,17-10-2025,Returned
1546,699,05-11-2025,Cancelled
1547,180,03-02-2025,Cancelled
1548,132,03-02-2025,Delivered
1549,266,19-10-2025,Delivered
1550,903,25-09-2025,Returned
1551,802,21-05-2025,Delivered
1552,869,14-12-2025,Delivered
1553,994,21-12-2025,Returned
1554,546,11-11-2025,Delivered
1555,698,14-10-2025,Delivered
1556,3,07-08-2025,Returned
1557,690,29-11-2025,Delivered
1558,875,15-06-2025,Delivered
1559,865,28-07-2025,Delivered
1560,125,15-12-2025,Cancelled
1561,478,11-09-2025,Delivered
1562,530,23-01-2025,Returned
1563,230,25-01-2025,Delivered
1564,941,04-08-2025,Cancelled
1565,460,11-06-2025,Delivered
1566,402,10-04-2025,Delivered
1567,84,20-10-2025,Delivered
1568,756,26-04-2025,Returned
1569,434,08-02-2025,Delivered
1570,202,26-03-2025,Delivered
1571,319,02-02-2025,Returned
1572,641,19-02-2025,Delivered
1573,492,10-08-2025,Delivered
1574,607,17-11-2025,Delivered
1575,861,09-05-2025,Delivered
1576,111,31-08-2025,Delivered
1577,982,24-06-2025,Delivered
1578,842,20-06-2025,Cancelled
1579,814,02-05-2025,Delivered
1580,795,04-11-2025,Cancelled
1581,450,18-02-2025,Returned
1582,458,24-10-2025,Delivered
1583,88,01-02-2025,Delivered
1584,387,10-06-2025,Returned
1585,67,07-03-2025,Delivered
1586,942,15-08-2025,Delivered
1587,309,09-11-2025,Returned
1588,443,03-02-2025,Delivered
1589,694,29-01-2025,Cancelled
1590,54,31-05-2025,Delivered
1591,412,19-02-2025,Cancelled
1592,771,30-07-2025,Delivered
1593,886,03-11-2025,Returned
1594,639,06-01-2025,Delivered
1595,394,26-08-2025,Delivered
1596,902,14-11-2025,Cancelled
1597,104,23-06-2025,Returned
1598,961,12-12-2025,Delivered
1599,465,22-09-2025,Delivered
1600,602,09-04-2025,Delivered
1601,106,07-01-2025,Cancelled
1602,731,04-02-2025,Cancelled
1603,809,10-04-2025,Cancelled
1604,130,23-11-2025,Cancelled
1605,263,01-07-2025,Delivered
1606,493,14-11-2025,Delivered
1607,191,05-05-2025,Delivered
1608,817,23-01-2025,Delivered
1609,131,09-06-2025,Cancelled
1610,447,20-09-2025,Returned
1611,773,03-07-2025,Delivered
1612,598,05-10-2025,Delivered
1613,151,29-08-2025,Delivered
1614,618,25-06-2025,Delivered
1615,378,05-01-2025,Cancelled
1616,601,03-12-2025,Returned
1617,149,30-01-2025,Delivered
1618,520,14-10-2025,Delivered
1619,433,26-06-2025,Delivered
1620,1000,13-04-2025,Returned
1621,931,14-04-2025,Delivered
1622,350,07-04-2025,Returned
1623,488,22-12-2025,Returned
1624,479,04-11-2025,Returned
1625,340,24-10-2025,Cancelled
1626,987,21-06-2025,Cancelled
1627,307,03-08-2025,Delivered
1628,167,23-02-2025,Delivered
1629,898,22-01-2025,Delivered
1630,225,02-01-2025,Returned
1631,229,21-12-2025,Delivered
1632,478,16-11-2025,Delivered
1633,245,04-09-2025,Returned
1634,787,19-06-2025,Returned
1635,385,16-04-2025,Delivered
1636,189,04-01-2025,Delivered
1637,11,07-02-2025,Delivered
1638,31,12-10-2025,Delivered
1639,146,29-05-2025,Delivered
1640,200,20-11-2025,Cancelled
1641,935,04-07-2025,Delivered
1642,999,16-01-2025,Delivered
1643,203,26-05-2025,Delivered
1644,225,15-05-2025,Returned
1645,179,23-06-2025,Cancelled
1646,252,02-04-2025,Delivered
1647,23,01-04-2025,Delivered
1648,933,21-02-2025,Delivered
1649,852,13-12-2025,Delivered
1650,389,02-12-2025,Delivered
1651,347,18-04-2025,Delivered
1652,468,03-05-2025,Delivered
1653,829,10-07-2025,Returned
1654,176,27-09-2025,Cancelled
1655,903,11-08-2025,Returned
1656,67,02-03-2025,Delivered
1657,904,08-03-2025,Delivered
1658,197,30-09-2025,Delivered
1659,712,11-07-2025,Delivered
1660,614,08-08-2025,Returned
1661,251,24-01-2025,Cancelled
1662,602,07-04-2025,Cancelled
1663,302,18-03-2025,Delivered
1664,254,28-01-2025,Returned
1665,815,24-05-2025,Delivered
1666,872,18-09-2025,Cancelled
1667,908,08-09-2025,Delivered
1668,745,11-02-2025,Delivered
1669,810,06-12-2025,Cancelled
1670,67,27-03-2025,Cancelled
1671,398,27-11-2025,Cancelled
1672,384,13-09-2025,Cancelled
1673,476,02-04-2025,Delivered
1674,730,11-07-2025,Cancelled
1675,712,05-09-2025,Returned
1676,979,11-09-2025,Delivered
1677,275,25-10-2025,Delivered
1678,654,26-10-2025,Returned
1679,38,17-04-2025,Delivered
1680,917,14-04-2025,Delivered
1681,884,01-05-2025,Delivered
1682,224,06-06-2025,Delivered
1683,911,13-07-2025,Cancelled
1684,161,11-07-2025,Delivered
1685,564,13-02-2025,Delivered
1686,770,13-02-2025,Delivered
1687,456,23-09-2025,Delivered
1688,236,26-10-2025,Delivered
1689,477,20-09-2025,Cancelled
1690,345,07-08-2025,Delivered
1691,479,10-08-2025,Delivered
1692,377,12-09-2025,Delivered
1693,280,15-07-2025,Delivered
1694,184,15-08-2025,Delivered
1695,272,27-11-2025,Delivered
1696,368,12-02-2025,Delivered
1697,863,14-09-2025,Cancelled
1698,560,26-11-2025,Delivered
1699,805,22-05-2025,Delivered
1700,101,02-03-2025,Delivered
1701,369,20-01-2025,Cancelled
1702,206,20-06-2025,Delivered
1703,692,18-06-2025,Delivered
1704,310,16-12-2025,Delivered
1705,196,28-12-2025,Cancelled
1706,142,06-10-2025,Delivered
1707,9,03-06-2025,Delivered
1708,843,27-06-2025,Delivered
1709,969,27-07-2025,Cancelled
1710,776,02-12-2025,Delivered
1711,484,01-12-2025,Cancelled
1712,780,18-03-2025,Delivered
1713,234,27-04-2025,Returned
1714,768,18-04-2025,Delivered
1715,240,22-09-2025,Cancelled
1716,805,10-10-2025,Delivered
1717,740,25-08-2025,Delivered
1718,811,13-02-2025,Delivered
1719,867,07-04-2025,Delivered
1720,789,24-12-2025,Delivered
1721,215,13-08-2025,Delivered
1722,874,13-10-2025,Delivered
1723,384,13-03-2025,Cancelled
1724,895,07-03-2025,Delivered
1725,966,05-01-2025,Delivered
1726,830,04-12-2025,Delivered
1727,348,26-04-2025,Delivered
1728,436,18-12-2025,Delivered
1729,782,20-12-2025,Cancelled
1730,307,16-06-2025,Cancelled
1731,24,18-10-2025,Delivered
1732,945,13-03-2025,Delivered
1733,976,19-06-2025,Cancelled
1734,645,05-11-2025,Cancelled
1735,588,20-07-2025,Delivered
1736,210,20-07-2025,Delivered
1737,548,17-07-2025,Delivered
1738,487,25-02-2025,Delivered
1739,584,20-08-2025,Returned
1740,917,05-06-2025,Delivered
1741,176,23-02-2025,Returned
1742,567,01-04-2025,Delivered
1743,847,19-12-2025,Cancelled
1744,501,14-01-2025,Delivered
1745,204,05-02-2025,Delivered
1746,291,16-04-2025,Delivered
1747,299,04-12-2025,Cancelled
1748,72,21-08-2025,Delivered
1749,378,23-09-2025,Delivered
1750,176,17-06-2025,Delivered
1751,401,22-03-2025,Delivered
1752,133,02-10-2025,Delivered
1753,490,05-02-2025,Delivered
1754,979,16-04-2025,Delivered
1755,892,16-04-2025,Delivered
1756,443,30-12-2025,Returned
1757,487,23-03-2025,Cancelled
1758,589,08-06-2025,Cancelled
1759,208,15-09-2025,Returned
1760,702,23-08-2025,Delivered
1761,207,04-01-2025,Delivered
1762,457,02-02-2025,Delivered
1763,620,07-05-2025,Cancelled
1764,337,19-10-2025,Delivered
1765,472,25-08-2025,Cancelled
1766,41,16-02-2025,Delivered
1767,662,22-08-2025,Delivered
1768,718,31-12-2025,Delivered
1769,401,10-11-2025,Delivered
1770,426,08-05-2025,Delivered
1771,922,13-11-2025,Returned
1772,443,23-08-2025,Delivered
1773,933,04-12-2025,Delivered
1774,716,19-10-2025,Delivered
1775,403,24-12-2025,Delivered
1776,246,22-03-2025,Delivered
1777,904,18-11-2025,Cancelled
1778,299,08-12-2025,Delivered
1779,715,22-04-2025,Delivered
1780,422,11-10-2025,Delivered
1781,378,09-02-2025,Delivered
1782,517,16-06-2025,Delivered
1783,462,26-03-2025,Delivered
1784,213,17-09-2025,Delivered
1785,474,14-01-2025,Delivered
1786,655,22-12-2025,Returned
1787,768,25-08-2025,Delivered
1788,352,24-07-2025,Delivered
1789,407,20-01-2025,Delivered
1790,257,28-02-2025,Returned
1791,940,11-03-2025,Delivered
1792,687,26-08-2025,Delivered
1793,473,04-02-2025,Delivered
1794,562,03-12-2025,Delivered
1795,731,13-08-2025,Delivered
1796,483,23-05-2025,Delivered
1797,175,10-01-2025,Cancelled
1798,103,01-04-2025,Delivered
1799,128,01-10-2025,Returned
1800,401,28-03-2025,Delivered
1801,688,06-01-2025,Returned
1802,280,20-03-2025,Delivered
1803,367,02-04-2025,Delivered
1804,732,18-01-2025,Returned
1805,546,21-04-2025,Delivered
1806,714,25-01-2025,Returned
1807,831,25-09-2025,Returned
1808,679,04-12-2025,Delivered
1809,400,20-12-2025,Delivered
1810,455,27-01-2025,Cancelled
1811,5,25-01-2025,Delivered
1812,786,14-04-2025,Delivered
1813,384,03-05-2025,Delivered
1814,94,09-01-2025,Delivered
1815,29,08-01-2025,Delivered
1816,841,09-04-2025,Returned
1817,686,02-02-2025,Delivered
1818,982,19-02-2025,Returned
1819,172,27-03-2025,Delivered
1820,426,20-09-2025,Delivered
1821,836,17-06-2025,Delivered
1822,576,17-11-2025,Delivered
1823,640,17-04-2025,Cancelled
1824,405,08-08-2025,Delivered
1825,238,20-04-2025,Delivered
1826,366,15-06-2025,Delivered
1827,16,25-07-2025,Returned
1828,324,07-01-2025,Delivered
1829,218,23-08-2025,Delivered
1830,68,03-12-2025,Delivered
1831,666,16-11-2025,Delivered
1832,45,04-02-2025,Delivered
1833,421,04-06-2025,Cancelled
1834,512,22-02-2025,Returned
1835,550,19-10-2025,Delivered
1836,258,18-02-2025,Cancelled
1837,333,20-11-2025,Returned
1838,398,14-12-2025,Returned
1839,137,20-06-2025,Delivered
1840,651,19-12-2025,Delivered
1841,872,08-12-2025,Delivered
1842,70,21-06-2025,Delivered
1843,624,27-10-2025,Delivered
1844,392,19-09-2025,Returned
1845,760,30-04-2025,Cancelled
1846,602,27-12-2025,Delivered
1847,239,11-01-2025,Cancelled
1848,778,05-03-2025,Delivered
1849,243,08-08-2025,Delivered
1850,635,10-02-2025,Delivered
1851,141,11-07-2025,Delivered
1852,304,14-04-2025,Delivered
1853,385,15-04-2025,Returned
1854,39,02-05-2025,Returned
1855,613,16-08-2025,Returned
1856,899,18-06-2025,Delivered
1857,285,12-06-2025,Returned
1858,806,21-01-2025,Cancelled
1859,811,01-08-2025,Returned
1860,833,28-05-2025,Delivered
1861,235,19-06-2025,Delivered
1862,249,16-04-2025,Cancelled
1863,56,07-12-2025,Delivered
1864,821,18-12-2025,Returned
1865,737,24-04-2025,Cancelled
1866,894,15-07-2025,Cancelled
1867,330,04-04-2025,Delivered
1868,645,04-01-2025,Delivered
1869,891,09-09-2025,Delivered
1870,977,09-04-2025,Delivered
1871,650,14-03-2025,Delivered
1872,129,16-02-2025,Delivered
1873,607,09-10-2025,Delivered
1874,242,17-09-2025,Delivered
1875,437,28-08-2025,Delivered
1876,169,12-04-2025,Delivered
1877,435,01-04-2025,Cancelled
1878,255,05-06-2025,Delivered
1879,591,18-08-2025,Returned
1880,207,20-05-2025,Delivered
1881,82,04-07-2025,Delivered
1882,387,27-03-2025,Delivered
1883,452,05-08-2025,Cancelled
1884,625,10-08-2025,Delivered
1885,840,04-09-2025,Delivered
1886,781,15-07-2025,Delivered
1887,875,12-02-2025,Delivered
1888,610,03-10-2025,Delivered
1889,567,31-03-2025,Delivered
1890,390,26-08-2025,Delivered
1891,465,26-05-2025,Delivered
1892,576,07-11-2025,Delivered
1893,74,20-06-2025,Delivered
1894,733,29-08-2025,Delivered
1895,159,08-04-2025,Delivered
1896,14,14-09-2025,Returned
1897,743,11-07-2025,Delivered
1898,415,01-08-2025,Delivered
1899,994,11-07-2025,Delivered
1900,502,07-06-2025,Returned
1901,603,06-02-2025,Delivered
1902,907,20-01-2025,Delivered
1903,395,17-10-2025,Delivered
1904,199,12-08-2025,Delivered
1905,790,28-06-2025,Cancelled
1906,727,08-09-2025,Returned
1907,706,08-07-2025,Returned
1908,60,30-11-2025,Delivered
1909,949,06-08-2025,Returned
1910,253,05-05-2025,Delivered
1911,36,05-07-2025,Returned
1912,724,13-12-2025,Delivered
1913,715,07-12-2025,Returned
1914,152,14-05-2025,Cancelled
1915,467,15-12-2025,Delivered
1916,261,07-05-2025,Cancelled
1917,593,06-12-2025,Delivered
1918,13,01-03-2025,Delivered
1919,660,31-12-2025,Delivered
1920,408,28-12-2025,Cancelled
1921,998,11-02-2025,Cancelled
1922,932,07-04-2025,Delivered
1923,170,07-08-2025,Delivered
1924,709,04-06-2025,Cancelled
1925,991,30-09-2025,Returned
1926,908,15-07-2025,Cancelled
1927,316,30-07-2025,Returned
1928,891,15-02-2025,Delivered
1929,652,21-10-2025,Delivered
1930,834,15-03-2025,Delivered
1931,767,18-04-2025,Returned
1932,408,24-12-2025,Delivered
1933,7,28-03-2025,Delivered
1934,2,19-02-2025,Delivered
1935,793,23-12-2025,Delivered
1936,538,02-08-2025,Returned
1937,296,09-08-2025,Delivered
1938,181,11-07-2025,Delivered
1939,721,10-03-2025,Delivered
1940,499,04-04-2025,Cancelled
1941,972,26-02-2025,Delivered
1942,581,19-04-2025,Delivered
1943,206,31-01-2025,Returned
1944,188,09-04-2025,Delivered
1945,924,29-07-2025,Delivered
1946,642,16-11-2025,Delivered
1947,890,22-11-2025,Delivered
1948,82,31-05-2025,Delivered
1949,387,05-03-2025,Delivered
1950,66,25-06-2025,Delivered
1951,600,01-05-2025,Delivered
1952,497,11-12-2025,Delivered
1953,10,01-02-2025,Delivered
1954,770,04-01-2025,Returned
1955,597,22-01-2025,Delivered
1956,217,25-09-2025,Delivered
1957,385,05-11-2025,Cancelled
1958,986,17-05-2025,Delivered
1959,485,22-06-2025,Cancelled
1960,440,22-06-2025,Delivered
1961,699,25-06-2025,Delivered
1962,837,03-05-2025,Delivered
1963,682,24-07-2025,Delivered
1964,626,30-01-2025,Delivered
1965,895,19-06-2025,Delivered
1966,4,22-08-2025,Returned
1967,412,13-03-2025,Delivered
1968,617,04-03-2025,Cancelled
1969,287,25-12-2025,Delivered
1970,378,20-08-2025,Cancelled
1971,703,04-12-2025,Delivered
1972,528,31-07-2025,Returned
1973,193,02-01-2025,Returned
1974,981,14-06-2025,Delivered
1975,649,04-07-2025,Delivered
1976,993,16-06-2025,Returned
1977,455,30-04-2025,Cancelled
1978,497,24-07-2025,Returned
1979,628,11-02-2025,Delivered
1980,439,01-09-2025,Returned
1981,878,25-12-2025,Delivered
1982,752,17-07-2025,Delivered
1983,622,10-04-2025,Returned
1984,147,24-09-2025,Cancelled
1985,804,16-09-2025,Delivered
1986,131,12-09-2025,Delivered
1987,309,11-12-2025,Cancelled
1988,896,28-08-2025,Delivered
1989,918,17-08-2025,Delivered
1990,494,06-12-2025,Cancelled
1991,247,05-05-2025,Delivered
1992,175,04-12-2025,Returned
1993,92,24-02-2025,Delivered
1994,733,15-01-2025,Delivered
1995,952,17-06-2025,Delivered
1996,785,24-05-2025,Delivered
1997,737,12-05-2025,Returned
1998,488,10-12-2025,Delivered
1999,682,11-03-2025,Cancelled
2000,649,09-09-2025,Delivered
2001,815,21-12-2025,Delivered
2002,893,25-04-2025,Cancelled
2003,785,04-11-2025,Delivered
2004,660,25-06-2025,Delivered
2005,933,15-07-2025,Returned
2006,658,15-10-2025,Delivered
2007,828,30-04-2025,Delivered
2008,266,01-03-2025,Delivered
2009,90,27-02-2025,Delivered
2010,349,31-10-2025,Delivered
2011,763,01-03-2025,Cancelled
2012,377,07-03-2025,Delivered
2013,977,14-07-2025,Cancelled
2014,755,01-01-2025,Delivered
2015,64,30-10-2025,Cancelled
2016,195,18-07-2025,Delivered
2017,328,06-07-2025,Returned
2018,957,06-03-2025,Cancelled
2019,680,05-11-2025,Cancelled
2020,228,24-02-2025,Delivered
2021,10,03-10-2025,Delivered
2022,324,16-03-2025,Delivered
2023,858,23-04-2025,Delivered
2024,697,22-08-2025,Delivered
2025,616,26-05-2025,Delivered
2026,765,07-12-2025,Returned
2027,36,03-11-2025,Delivered
2028,317,15-09-2025,Returned
2029,127,21-05-2025,Returned
2030,588,02-09-2025,Returned
2031,849,21-04-2025,Delivered
2032,299,27-12-2025,Delivered
2033,61,20-06-2025,Delivered
2034,848,18-04-2025,Returned
2035,957,26-04-2025,Returned
2036,754,27-01-2025,Delivered
2037,878,07-09-2025,Returned
2038,402,03-06-2025,Returned
2039,935,23-03-2025,Delivered
2040,562,20-07-2025,Delivered
2041,433,14-12-2025,Delivered
2042,357,20-07-2025,Delivered
2043,74,28-09-2025,Returned
2044,290,25-05-2025,Returned
2045,946,10-04-2025,Returned
2046,877,08-10-2025,Delivered
2047,100,09-03-2025,Delivered
2048,771,25-10-2025,Delivered
2049,871,30-12-2025,Delivered
2050,469,02-12-2025,Delivered
2051,592,12-03-2025,Delivered
2052,713,05-09-2025,Delivered
2053,919,16-03-2025,Delivered
2054,224,11-04-2025,Returned
2055,667,05-01-2025,Delivered
2056,744,22-10-2025,Delivered
2057,695,17-03-2025,Delivered
2058,974,07-08-2025,Returned
2059,862,28-03-2025,Delivered
2060,99,02-07-2025,Delivered
2061,184,27-01-2025,Delivered
2062,528,29-11-2025,Delivered
2063,608,11-08-2025,Delivered
2064,643,26-07-2025,Delivered
2065,35,02-03-2025,Delivered
2066,407,08-09-2025,Delivered
2067,705,02-11-2025,Delivered
2068,669,12-07-2025,Returned
2069,815,10-12-2025,Returned
2070,92,26-08-2025,Returned
2071,392,21-05-2025,Returned
2072,669,16-08-2025,Delivered
2073,12,03-03-2025,Delivered
2074,85,04-03-2025,Delivered
2075,657,09-12-2025,Cancelled
2076,231,12-01-2025,Cancelled
2077,587,21-10-2025,Delivered
2078,281,22-12-2025,Returned
2079,97,31-10-2025,Delivered
2080,394,05-09-2025,Returned
2081,720,11-08-2025,Delivered
2082,586,06-03-2025,Delivered
2083,334,02-02-2025,Returned
2084,931,03-10-2025,Delivered
2085,416,25-12-2025,Delivered
2086,404,12-10-2025,Cancelled
2087,803,29-09-2025,Delivered
2088,66,23-09-2025,Cancelled
2089,552,30-11-2025,Delivered
2090,772,17-04-2025,Returned
2091,920,02-03-2025,Delivered
2092,883,03-11-2025,Returned
2093,185,03-01-2025,Cancelled
2094,458,10-06-2025,Delivered
2095,41,07-03-2025,Cancelled
2096,212,01-12-2025,Delivered
2097,90,15-10-2025,Delivered
2098,872,18-01-2025,Delivered
2099,128,17-09-2025,Delivered
2100,373,06-10-2025,Delivered
2101,434,03-12-2025,Delivered
2102,255,03-06-2025,Delivered
2103,969,23-09-2025,Delivered
2104,675,01-10-2025,Delivered
2105,144,23-10-2025,Delivered
2106,712,10-06-2025,Cancelled
2107,933,30-06-2025,Cancelled
2108,552,19-09-2025,Delivered
2109,705,20-02-2025,Returned
2110,840,23-01-2025,Delivered
2111,38,07-04-2025,Delivered
2112,307,21-04-2025,Delivered
2113,617,10-10-2025,Delivered
2114,606,03-07-2025,Delivered
2115,132,15-11-2025,Delivered
2116,77,09-10-2025,Delivered
2117,267,15-07-2025,Returned
2118,926,25-03-2025,Delivered
2119,468,12-02-2025,Delivered
2120,693,06-08-2025,Returned
2121,147,02-10-2025,Delivered
2122,73,19-11-2025,Returned
2123,276,21-11-2025,Returned
2124,662,09-04-2025,Returned
2125,382,16-10-2025,Returned
2126,664,19-09-2025,Cancelled
2127,168,03-08-2025,Delivered
2128,324,11-08-2025,Delivered
2129,27,06-11-2025,Delivered
2130,80,19-05-2025,Delivered
2131,545,26-02-2025,Returned
2132,562,28-07-2025,Delivered
2133,338,24-11-2025,Delivered
2134,372,20-06-2025,Delivered
2135,150,26-04-2025,Delivered
2136,11,20-02-2025,Delivered
2137,993,24-04-2025,Delivered
2138,975,23-02-2025,Delivered
2139,180,27-09-2025,Returned
2140,897,06-06-2025,Cancelled
2141,842,08-09-2025,Delivered
2142,542,28-06-2025,Returned
2143,586,25-05-2025,Cancelled
2144,278,08-11-2025,Delivered
2145,919,25-01-2025,Delivered
2146,326,19-07-2025,Delivered
2147,354,14-12-2025,Cancelled
2148,565,01-11-2025,Delivered
2149,489,31-10-2025,Delivered
2150,266,05-01-2025,Returned
2151,526,21-03-2025,Returned
2152,130,15-03-2025,Delivered
2153,582,17-05-2025,Delivered
2154,941,24-11-2025,Delivered
2155,725,08-05-2025,Returned
2156,624,03-08-2025,Returned
2157,469,04-04-2025,Delivered
2158,363,28-08-2025,Cancelled
2159,294,22-05-2025,Delivered
2160,534,28-04-2025,Delivered
2161,651,14-02-2025,Delivered
2162,417,10-06-2025,Delivered
2163,650,10-02-2025,Delivered
2164,748,03-05-2025,Delivered
2165,170,22-10-2025,Delivered
2166,87,27-05-2025,Cancelled
2167,952,10-09-2025,Delivered
2168,986,06-08-2025,Returned
2169,521,11-03-2025,Delivered
2170,510,21-09-2025,Returned
2171,694,30-09-2025,Returned
2172,128,27-07-2025,Delivered
2173,632,08-04-2025,Returned
2174,8,06-08-2025,Returned
2175,548,26-06-2025,Delivered
2176,757,05-12-2025,Cancelled
2177,701,08-11-2025,Delivered
2178,622,18-08-2025,Delivered
2179,691,26-09-2025,Delivered
2180,180,08-02-2025,Delivered
2181,860,10-03-2025,Cancelled
2182,362,27-01-2025,Delivered
2183,508,14-07-2025,Delivered
2184,383,27-02-2025,Delivered
2185,936,14-12-2025,Delivered
2186,852,04-10-2025,Delivered
2187,298,03-06-2025,Delivered
2188,301,16-05-2025,Delivered
2189,3,20-11-2025,Cancelled
2190,404,22-04-2025,Delivered
2191,952,26-11-2025,Cancelled
2192,846,19-01-2025,Delivered
2193,914,13-11-2025,Delivered
2194,59,02-07-2025,Delivered
2195,631,24-08-2025,Delivered
2196,306,01-07-2025,Delivered
2197,6,29-06-2025,Returned
2198,191,25-07-2025,Delivered
2199,10,21-02-2025,Delivered
2200,504,12-04-2025,Delivered
2201,542,21-09-2025,Delivered
2202,421,05-03-2025,Delivered
2203,8,21-03-2025,Returned
2204,257,26-04-2025,Delivered
2205,405,11-07-2025,Delivered
2206,374,08-08-2025,Delivered
2207,550,18-05-2025,Delivered
2208,450,03-12-2025,Delivered
2209,166,13-03-2025,Delivered
2210,766,11-08-2025,Delivered
2211,368,30-12-2025,Delivered
2212,114,08-04-2025,Delivered
2213,42,10-03-2025,Delivered
2214,432,19-06-2025,Delivered
2215,165,08-12-2025,Delivered
2216,972,03-09-2025,Returned
2217,273,02-03-2025,Delivered
2218,501,09-10-2025,Delivered
2219,820,16-12-2025,Returned
2220,131,16-06-2025,Delivered
2221,514,19-07-2025,Delivered
2222,113,25-02-2025,Delivered
2223,130,21-03-2025,Delivered
2224,513,07-01-2025,Returned
2225,243,27-01-2025,Returned
2226,850,25-06-2025,Delivered
2227,1000,02-11-2025,Returned
2228,9,11-08-2025,Delivered
2229,297,25-05-2025,Delivered
2230,85,08-08-2025,Delivered
2231,633,20-03-2025,Returned
2232,524,06-04-2025,Delivered
2233,288,28-02-2025,Delivered
2234,718,07-05-2025,Returned
2235,841,08-08-2025,Delivered
2236,486,28-12-2025,Delivered
2237,718,15-09-2025,Cancelled
2238,186,07-04-2025,Cancelled
2239,645,21-11-2025,Delivered
2240,235,03-03-2025,Delivered
2241,411,20-01-2025,Delivered
2242,197,16-03-2025,Delivered
2243,19,12-11-2025,Delivered
2244,94,27-01-2025,Delivered
2245,418,26-09-2025,Delivered
2246,717,21-11-2025,Delivered
2247,228,22-06-2025,Delivered
2248,491,01-02-2025,Cancelled
2249,438,26-11-2025,Delivered
2250,312,26-02-2025,Delivered
2251,373,24-05-2025,Delivered
2252,729,03-08-2025,Delivered
2253,328,25-01-2025,Delivered
2254,42,01-01-2025,Delivered
2255,677,14-06-2025,Delivered
2256,293,30-08-2025,Delivered
2257,931,07-11-2025,Delivered
2258,442,05-04-2025,Delivered
2259,972,09-09-2025,Delivered
2260,343,05-06-2025,Delivered
2261,100,09-12-2025,Delivered
2262,700,10-10-2025,Delivered
2263,340,04-07-2025,Returned
2264,830,05-07-2025,Returned
2265,798,29-10-2025,Cancelled
2266,620,10-07-2025,Delivered
2267,666,22-05-2025,Delivered
2268,599,16-07-2025,Delivered
2269,909,24-02-2025,Delivered
2270,645,05-11-2025,Delivered
2271,43,28-10-2025,Returned
2272,838,08-04-2025,Delivered
2273,722,17-08-2025,Delivered
2274,77,07-10-2025,Cancelled
2275,352,04-06-2025,Returned
2276,486,14-04-2025,Cancelled
2277,739,20-03-2025,Delivered
2278,131,09-04-2025,Delivered
2279,564,31-12-2025,Delivered
2280,913,14-10-2025,Delivered
2281,917,07-07-2025,Delivered
2282,645,02-03-2025,Delivered
2283,70,05-09-2025,Delivered
2284,537,15-09-2025,Delivered
2285,171,03-11-2025,Delivered
2286,714,08-03-2025,Delivered
2287,47,17-10-2025,Delivered
2288,814,22-12-2025,Delivered
2289,759,23-07-2025,Delivered
2290,702,30-09-2025,Cancelled
2291,995,08-02-2025,Delivered
2292,449,18-09-2025,Delivered
2293,576,19-07-2025,Delivered
2294,622,20-05-2025,Delivered
2295,189,02-01-2025,Delivered
2296,586,22-04-2025,Cancelled
2297,714,05-01-2025,Cancelled
2298,467,15-09-2025,Returned
2299,738,26-09-2025,Delivered
2300,311,23-04-2025,Delivered
2301,726,18-05-2025,Cancelled
2302,122,29-03-2025,Delivered
2303,47,01-10-2025,Delivered
2304,299,21-01-2025,Returned
2305,152,23-05-2025,Delivered
2306,277,27-01-2025,Returned
2307,255,18-04-2025,Cancelled
2308,119,01-01-2025,Returned
2309,356,20-11-2025,Cancelled
2310,996,08-07-2025,Delivered
2311,86,28-12-2025,Cancelled
2312,271,10-03-2025,Delivered
2313,920,10-11-2025,Delivered
2314,333,30-01-2025,Returned
2315,836,06-01-2025,Delivered
2316,225,24-05-2025,Delivered
2317,263,09-01-2025,Cancelled
2318,674,26-10-2025,Delivered
2319,740,19-12-2025,Delivered
2320,969,01-12-2025,Delivered
2321,891,17-11-2025,Returned
2322,619,10-10-2025,Delivered
2323,837,15-08-2025,Delivered
2324,333,18-05-2025,Delivered
2325,596,19-11-2025,Delivered
2326,160,17-08-2025,Delivered
2327,748,11-08-2025,Delivered
2328,152,03-09-2025,Delivered
2329,508,03-04-2025,Delivered
2330,190,01-04-2025,Delivered
2331,584,09-09-2025,Returned
2332,185,28-11-2025,Delivered
2333,22,08-06-2025,Delivered
2334,907,01-04-2025,Delivered
2335,704,08-11-2025,Delivered
2336,72,15-03-2025,Delivered
2337,437,06-05-2025,Delivered
2338,931,27-11-2025,Delivered
2339,103,27-09-2025,Delivered
2340,745,07-01-2025,Cancelled
2341,103,13-07-2025,Delivered
2342,22,26-02-2025,Delivered
2343,782,26-11-2025,Delivered
2344,136,08-05-2025,Delivered
2345,275,15-03-2025,Returned
2346,615,07-01-2025,Delivered
2347,981,24-02-2025,Cancelled
2348,754,23-06-2025,Returned
2349,88,14-04-2025,Delivered
2350,492,16-10-2025,Delivered
2351,836,25-03-2025,Delivered
2352,340,03-09-2025,Delivered
2353,250,29-01-2025,Cancelled
2354,709,17-05-2025,Returned
2355,557,05-03-2025,Delivered
2356,845,23-01-2025,Delivered
2357,558,01-06-2025,Delivered
2358,524,01-08-2025,Delivered
2359,2,25-04-2025,Delivered
2360,233,07-08-2025,Delivered
2361,151,30-06-2025,Returned
2362,294,26-04-2025,Returned
2363,394,18-12-2025,Returned
2364,843,27-02-2025,Delivered
2365,174,26-02-2025,Delivered
2366,105,25-05-2025,Delivered
2367,79,12-11-2025,Delivered
2368,122,04-07-2025,Delivered
2369,918,23-01-2025,Cancelled
2370,155,02-04-2025,Delivered
2371,544,21-06-2025,Cancelled
2372,186,14-12-2025,Delivered
2373,154,08-12-2025,Returned
2374,309,16-11-2025,Delivered
2375,357,23-02-2025,Delivered
2376,939,13-09-2025,Returned
2377,378,16-05-2025,Returned
2378,818,09-02-2025,Delivered
2379,883,18-03-2025,Returned
2380,151,13-06-2025,Delivered
2381,400,17-08-2025,Returned
2382,816,02-09-2025,Delivered
2383,116,23-10-2025,Delivered
2384,983,23-05-2025,Delivered
2385,93,15-06-2025,Delivered
2386,187,17-07-2025,Delivered
2387,327,11-09-2025,Delivered
2388,493,22-12-2025,Delivered
2389,617,22-11-2025,Delivered
2390,142,01-12-2025,Delivered
2391,393,03-08-2025,Cancelled
2392,510,03-10-2025,Cancelled
2393,505,30-09-2025,Cancelled
2394,842,28-04-2025,Delivered
2395,86,25-10-2025,Returned
2396,432,27-09-2025,Cancelled
2397,796,22-12-2025,Returned
2398,225,26-12-2025,Delivered
2399,241,05-07-2025,Delivered
2400,209,09-01-2025,Delivered
2401,572,31-08-2025,Delivered
2402,944,26-02-2025,Delivered
2403,934,28-06-2025,Delivered
2404,870,13-03-2025,Delivered
2405,472,15-03-2025,Cancelled
2406,996,04-08-2025,Delivered
2407,216,25-04-2025,Delivered
2408,765,12-03-2025,Delivered
2409,986,23-12-2025,Returned
2410,147,13-07-2025,Returned
2411,27,23-12-2025,Delivered
2412,381,28-01-2025,Returned
2413,109,06-12-2025,Cancelled
2414,76,02-09-2025,Cancelled
2415,892,22-03-2025,Delivered
2416,151,07-07-2025,Delivered
2417,81,06-05-2025,Delivered
2418,13,19-10-2025,Delivered
2419,154,04-04-2025,Delivered
2420,762,13-03-2025,Returned
2421,541,24-12-2025,Delivered
2422,482,30-07-2025,Returned
2423,346,16-08-2025,Returned
2424,712,07-01-2025,Delivered
2425,114,21-03-2025,Delivered
2426,903,25-11-2025,Delivered
2427,619,30-03-2025,Cancelled
2428,165,06-01-2025,Delivered
2429,853,05-08-2025,Returned
2430,971,21-08-2025,Cancelled
2431,729,13-05-2025,Cancelled
2432,514,06-06-2025,Returned
2433,233,05-08-2025,Delivered
2434,279,17-02-2025,Cancelled
2435,387,06-03-2025,Returned
2436,217,25-07-2025,Cancelled
2437,58,23-04-2025,Delivered
2438,189,14-10-2025,Cancelled
2439,862,09-02-2025,Returned
2440,480,02-09-2025,Delivered
2441,669,25-11-2025,Delivered
2442,848,14-07-2025,Delivered
2443,56,10-07-2025,Returned
2444,435,10-04-2025,Delivered
2445,112,23-02-2025,Delivered
2446,372,05-11-2025,Delivered
2447,29,03-05-2025,Delivered
2448,167,05-10-2025,Delivered
2449,67,19-04-2025,Cancelled
2450,12,08-06-2025,Delivered
2451,565,14-04-2025,Returned
2452,952,17-01-2025,Delivered
2453,276,13-02-2025,Cancelled
2454,579,23-01-2025,Cancelled
2455,810,05-09-2025,Delivered
2456,50,11-06-2025,Delivered
2457,967,08-06-2025,Delivered
2458,366,25-05-2025,Delivered
2459,513,10-04-2025,Delivered
2460,770,20-07-2025,Returned
2461,365,08-03-2025,Returned
2462,691,19-02-2025,Delivered
2463,418,15-09-2025,Delivered
2464,515,18-03-2025,Delivered
2465,602,15-07-2025,Delivered
2466,601,20-01-2025,Delivered
2467,166,19-03-2025,Returned
2468,475,10-02-2025,Returned
2469,96,29-04-2025,Delivered
2470,827,15-12-2025,Returned
2471,145,24-03-2025,Cancelled
2472,529,08-11-2025,Returned
2473,536,24-06-2025,Delivered
2474,805,09-03-2025,Delivered
2475,298,04-07-2025,Cancelled
2476,877,09-08-2025,Delivered
2477,913,31-12-2025,Returned
2478,397,03-05-2025,Delivered
2479,626,07-11-2025,Delivered
2480,982,20-03-2025,Cancelled
2481,643,12-09-2025,Delivered
2482,825,08-01-2025,Delivered
2483,785,08-06-2025,Cancelled
2484,889,14-02-2025,Delivered
2485,97,21-08-2025,Delivered
2486,174,01-06-2025,Delivered
2487,70,24-05-2025,Cancelled
2488,373,30-06-2025,Delivered
2489,73,02-04-2025,Returned
2490,791,24-08-2025,Delivered
2491,485,12-05-2025,Delivered
2492,666,13-03-2025,Delivered
2493,996,19-10-2025,Delivered
2494,41,06-07-2025,Delivered
2495,411,29-07-2025,Cancelled
2496,940,15-12-2025,Delivered
2497,452,07-07-2025,Cancelled
2498,866,16-11-2025,Delivered
2499,383,12-02-2025,Returned
2500,424,17-09-2025,Delivered
2501,270,16-12-2025,Delivered
2502,636,26-11-2025,Delivered
2503,759,06-05-2025,Returned
2504,841,15-10-2025,Delivered
2505,159,23-02-2025,Delivered
2506,385,23-03-2025,Cancelled
2507,409,07-02-2025,Delivered
2508,398,25-08-2025,Returned
2509,96,28-06-2025,Delivered
2510,480,25-11-2025,Cancelled
2511,922,27-08-2025,Delivered
2512,88,03-04-2025,Returned
2513,111,23-07-2025,Delivered
2514,205,25-07-2025,Delivered
2515,67,12-06-2025,Delivered
2516,619,06-09-2025,Delivered
2517,720,01-09-2025,Delivered
2518,286,21-08-2025,Delivered
2519,559,21-03-2025,Delivered
2520,150,24-11-2025,Delivered
2521,328,18-10-2025,Delivered
2522,616,14-07-2025,Delivered
2523,959,05-07-2025,Delivered
2524,485,20-04-2025,Delivered
2525,217,12-01-2025,Returned
2526,434,19-05-2025,Delivered
2527,651,01-04-2025,Delivered
2528,146,05-02-2025,Delivered
2529,415,11-02-2025,Delivered
2530,895,31-12-2025,Delivered
2531,893,03-08-2025,Cancelled
2532,220,09-12-2025,Delivered
2533,189,28-01-2025,Delivered
2534,917,08-08-2025,Delivered
2535,987,02-06-2025,Delivered
2536,204,28-06-2025,Delivered
2537,494,01-09-2025,Cancelled
2538,706,24-03-2025,Returned
2539,448,01-07-2025,Returned
2540,585,19-07-2025,Delivered
2541,575,02-11-2025,Delivered
2542,80,08-12-2025,Cancelled
2543,632,16-03-2025,Delivered
2544,681,12-06-2025,Delivered
2545,155,23-08-2025,Delivered
2546,512,12-06-2025,Delivered
2547,812,12-12-2025,Delivered
2548,270,24-09-2025,Returned
2549,4,19-08-2025,Delivered
2550,650,19-08-2025,Returned
2551,993,24-10-2025,Delivered
2552,38,22-04-2025,Returned
2553,193,04-08-2025,Returned
2554,560,27-03-2025,Cancelled
2555,387,21-04-2025,Delivered
2556,215,08-04-2025,Returned
2557,591,08-01-2025,Delivered
2558,834,06-07-2025,Delivered
2559,310,07-06-2025,Cancelled
2560,839,05-03-2025,Returned
2561,512,29-11-2025,Delivered
2562,424,30-07-2025,Delivered
2563,361,05-10-2025,Delivered
2564,536,21-06-2025,Delivered
2565,949,01-04-2025,Delivered
2566,439,11-07-2025,Delivered
2567,567,01-11-2025,Delivered
2568,556,12-08-2025,Delivered
2569,292,04-12-2025,Returned
2570,697,12-08-2025,Returned
2571,291,26-12-2025,Cancelled
2572,961,20-02-2025,Delivered
2573,826,23-02-2025,Delivered
2574,666,09-01-2025,Cancelled
2575,955,30-07-2025,Delivered
2576,509,16-11-2025,Cancelled
2577,103,21-11-2025,Delivered
2578,516,25-10-2025,Delivered
2579,684,29-05-2025,Delivered
2580,217,25-04-2025,Delivered
2581,565,15-07-2025,Delivered
2582,201,29-08-2025,Delivered
2583,360,26-08-2025,Delivered
2584,930,27-11-2025,Returned
2585,804,22-07-2025,Delivered
2586,963,11-07-2025,Delivered
2587,520,26-05-2025,Delivered
2588,901,04-12-2025,Delivered
2589,315,01-08-2025,Returned
2590,248,03-01-2025,Delivered
2591,34,08-01-2025,Delivered
2592,158,11-07-2025,Cancelled
2593,840,04-11-2025,Delivered
2594,344,29-03-2025,Cancelled
2595,441,04-05-2025,Cancelled
2596,997,20-07-2025,Delivered
2597,632,26-11-2025,Delivered
2598,849,27-01-2025,Cancelled
2599,440,07-03-2025,Returned
2600,400,30-03-2025,Delivered
2601,926,12-06-2025,Cancelled
2602,163,12-08-2025,Delivered
2603,102,30-12-2025,Delivered
2604,517,02-03-2025,Returned
2605,591,20-07-2025,Returned
2606,939,14-05-2025,Cancelled
2607,163,15-06-2025,Delivered
2608,96,17-02-2025,Delivered
2609,448,06-01-2025,Returned
2610,789,31-10-2025,Delivered
2611,29,13-11-2025,Returned
2612,557,10-02-2025,Cancelled
2613,392,13-01-2025,Returned
2614,752,08-03-2025,Delivered
2615,650,20-11-2025,Delivered
2616,192,03-05-2025,Returned
2617,920,24-04-2025,Delivered
2618,199,02-10-2025,Delivered
2619,744,13-07-2025,Delivered
2620,676,27-01-2025,Delivered
2621,85,15-03-2025,Returned
2622,24,23-11-2025,Cancelled
2623,888,22-02-2025,Delivered
2624,471,02-11-2025,Delivered
2625,110,14-03-2025,Delivered
2626,269,03-04-2025,Delivered
2627,80,11-09-2025,Delivered
2628,935,17-04-2025,Delivered
2629,104,09-09-2025,Delivered
2630,424,07-02-2025,Delivered
2631,983,17-11-2025,Delivered
2632,216,18-12-2025,Delivered
2633,385,10-06-2025,Returned
2634,931,19-08-2025,Delivered
2635,185,02-06-2025,Delivered
2636,926,02-04-2025,Returned
2637,581,20-11-2025,Cancelled
2638,876,17-01-2025,Delivered
2639,1000,25-06-2025,Delivered
2640,496,11-11-2025,Cancelled
2641,560,03-01-2025,Delivered
2642,535,11-05-2025,Delivered
2643,198,07-11-2025,Delivered
2644,549,12-01-2025,Cancelled
2645,525,20-03-2025,Delivered
2646,888,06-07-2025,Delivered
2647,921,22-04-2025,Delivered
2648,336,12-03-2025,Delivered
2649,86,21-12-2025,Delivered
2650,275,21-05-2025,Delivered
2651,205,17-02-2025,Delivered
2652,726,10-10-2025,Returned
2653,302,28-08-2025,Returned
2654,829,11-09-2025,Delivered
2655,525,24-07-2025,Delivered
2656,257,30-03-2025,Delivered
2657,704,24-05-2025,Delivered
2658,106,26-10-2025,Cancelled
2659,320,26-03-2025,Delivered
2660,977,07-09-2025,Delivered
2661,905,17-08-2025,Delivered
2662,611,20-05-2025,Delivered
2663,638,25-02-2025,Cancelled
2664,393,08-08-2025,Delivered
2665,581,30-06-2025,Delivered
2666,920,20-11-2025,Delivered
2667,461,27-03-2025,Delivered
2668,982,19-09-2025,Delivered
2669,601,29-07-2025,Delivered
2670,619,27-11-2025,Cancelled
2671,361,23-07-2025,Delivered
2672,118,03-04-2025,Delivered
2673,440,06-04-2025,Delivered
2674,252,07-02-2025,Delivered
2675,673,10-07-2025,Delivered
2676,149,10-06-2025,Delivered
2677,10,13-06-2025,Returned
2678,12,18-06-2025,Delivered
2679,477,18-10-2025,Delivered
2680,921,30-04-2025,Cancelled
2681,68,17-07-2025,Delivered
2682,617,19-04-2025,Cancelled
2683,223,22-02-2025,Cancelled
2684,285,08-11-2025,Returned
2685,77,21-10-2025,Returned
2686,432,16-12-2025,Delivered
2687,326,13-06-2025,Delivered
2688,202,26-01-2025,Delivered
2689,511,24-01-2025,Delivered
2690,432,03-03-2025,Delivered
2691,464,29-03-2025,Cancelled
2692,335,30-10-2025,Delivered
2693,243,23-10-2025,Delivered
2694,292,10-01-2025,Returned
2695,803,22-10-2025,Delivered
2696,934,25-08-2025,Delivered
2697,135,26-07-2025,Delivered
2698,918,01-10-2025,Cancelled
2699,41,22-06-2025,Returned
2700,17,05-02-2025,Delivered
2701,98,01-08-2025,Returned
2702,309,21-05-2025,Delivered
2703,772,27-06-2025,Delivered
2704,82,12-10-2025,Delivered
2705,506,10-11-2025,Delivered
2706,403,02-06-2025,Returned
2707,466,10-09-2025,Returned
2708,991,04-03-2025,Delivered
2709,961,13-11-2025,Delivered
2710,30,25-04-2025,Delivered
2711,846,06-01-2025,Delivered
2712,108,15-06-2025,Returned
2713,742,12-08-2025,Delivered
2714,175,15-02-2025,Delivered
2715,742,08-07-2025,Cancelled
2716,6,19-12-2025,Delivered
2717,266,23-01-2025,Delivered
2718,50,05-06-2025,Delivered
2719,271,18-06-2025,Returned
2720,628,14-07-2025,Delivered
2721,716,29-03-2025,Delivered
2722,598,24-08-2025,Delivered
2723,130,13-06-2025,Delivered
2724,772,27-10-2025,Delivered
2725,653,17-08-2025,Returned
2726,126,25-09-2025,Cancelled
2727,247,23-10-2025,Delivered
2728,678,08-09-2025,Delivered
2729,330,05-09-2025,Delivered
2730,95,16-05-2025,Delivered
2731,729,12-02-2025,Delivered
2732,572,05-05-2025,Returned
2733,663,16-04-2025,Returned
2734,80,08-02-2025,Delivered
2735,62,19-04-2025,Delivered
2736,687,21-04-2025,Delivered
2737,839,17-07-2025,Delivered
2738,500,23-02-2025,Delivered
2739,214,30-10-2025,Cancelled
2740,527,10-06-2025,Delivered
2741,726,21-08-2025,Returned
2742,158,16-09-2025,Delivered
2743,937,08-03-2025,Delivered
2744,939,06-07-2025,Delivered
2745,999,20-08-2025,Cancelled
2746,526,14-04-2025,Delivered
2747,193,05-02-2025,Delivered
2748,434,26-03-2025,Returned
2749,315,23-10-2025,Returned
2750,105,17-03-2025,Delivered
2751,898,24-02-2025,Returned
2752,113,04-05-2025,Delivered
2753,916,24-08-2025,Delivered
2754,274,15-01-2025,Delivered
2755,678,29-09-2025,Delivered
2756,361,16-05-2025,Delivered
2757,950,09-10-2025,Delivered
2758,363,09-08-2025,Delivered
2759,155,23-07-2025,Cancelled
2760,442,18-09-2025,Delivered
2761,55,14-08-2025,Delivered
2762,379,20-02-2025,Delivered
2763,665,15-07-2025,Returned
2764,951,05-08-2025,Delivered
2765,302,07-04-2025,Delivered
2766,181,01-11-2025,Delivered
2767,543,08-11-2025,Delivered
2768,532,10-08-2025,Delivered
2769,698,26-01-2025,Returned
2770,255,26-02-2025,Delivered
2771,118,28-01-2025,Delivered
2772,590,17-05-2025,Delivered
2773,68,30-09-2025,Delivered
2774,283,26-04-2025,Cancelled
2775,717,27-07-2025,Delivered
2776,403,21-02-2025,Delivered
2777,752,21-12-2025,Delivered
2778,508,16-04-2025,Delivered
2779,805,15-04-2025,Delivered
2780,653,28-05-2025,Returned
2781,611,28-05-2025,Returned
2782,4,18-02-2025,Delivered
2783,516,25-12-2025,Cancelled
2784,489,06-06-2025,Returned
2785,245,29-03-2025,Delivered
2786,698,05-02-2025,Delivered
2787,192,20-06-2025,Delivered
2788,146,07-01-2025,Returned
2789,486,08-08-2025,Delivered
2790,22,01-04-2025,Delivered
2791,903,09-02-2025,Delivered
2792,696,05-01-2025,Cancelled
2793,361,31-08-2025,Cancelled
2794,2,08-09-2025,Delivered
2795,484,26-02-2025,Delivered
2796,839,09-01-2025,Cancelled
2797,697,29-05-2025,Delivered
2798,538,15-09-2025,Delivered
2799,774,17-03-2025,Delivered
2800,103,05-06-2025,Returned
2801,344,20-08-2025,Delivered
2802,753,29-06-2025,Cancelled
2803,264,06-12-2025,Delivered
2804,260,06-07-2025,Delivered
2805,14,30-06-2025,Delivered
2806,728,20-06-2025,Cancelled
2807,794,06-12-2025,Cancelled
2808,496,27-02-2025,Delivered
2809,703,23-09-2025,Returned
2810,656,11-01-2025,Delivered
2811,421,23-04-2025,Returned
2812,146,02-07-2025,Delivered
2813,32,06-05-2025,Cancelled
2814,759,23-12-2025,Delivered
2815,369,16-04-2025,Returned
2816,92,10-04-2025,Delivered
2817,655,25-02-2025,Delivered
2818,899,17-11-2025,Returned
2819,558,19-08-2025,Cancelled
2820,180,16-05-2025,Returned
2821,358,19-06-2025,Delivered
2822,604,02-08-2025,Delivered
2823,317,08-04-2025,Delivered
2824,594,24-09-2025,Returned
2825,352,10-11-2025,Delivered
2826,444,21-08-2025,Cancelled
2827,992,27-06-2025,Delivered
2828,113,05-01-2025,Delivered
2829,950,17-12-2025,Delivered
2830,478,15-12-2025,Delivered
2831,536,29-05-2025,Cancelled
2832,572,07-12-2025,Delivered
2833,311,07-09-2025,Delivered
2834,67,31-05-2025,Delivered
2835,465,21-01-2025,Delivered
2836,290,31-10-2025,Delivered
2837,55,08-09-2025,Delivered
2838,6,09-08-2025,Delivered
2839,677,01-01-2025,Delivered
2840,258,12-03-2025,Delivered
2841,900,26-05-2025,Cancelled
2842,682,15-10-2025,Delivered
2843,977,14-02-2025,Returned
2844,278,15-03-2025,Returned
2845,202,10-08-2025,Cancelled
2846,941,11-02-2025,Delivered
2847,225,17-01-2025,Delivered
2848,956,01-07-2025,Delivered
2849,832,14-12-2025,Returned
2850,396,05-08-2025,Delivered
2851,991,20-02-2025,Delivered
2852,943,04-06-2025,Cancelled
2853,319,30-03-2025,Cancelled
2854,447,14-12-2025,Delivered
2855,824,24-10-2025,Delivered
2856,700,13-04-2025,Delivered
2857,139,02-08-2025,Cancelled
2858,205,04-06-2025,Delivered
2859,88,02-06-2025,Cancelled
2860,950,18-11-2025,Delivered
2861,559,04-04-2025,Delivered
2862,802,12-08-2025,Delivered
2863,142,27-09-2025,Delivered
2864,711,10-06-2025,Cancelled
2865,958,17-12-2025,Returned
2866,367,28-08-2025,Delivered
2867,438,27-08-2025,Delivered
2868,985,30-07-2025,Delivered
2869,29,14-10-2025,Delivered
2870,981,04-08-2025,Delivered
2871,774,13-03-2025,Cancelled
2872,929,04-06-2025,Delivered
2873,595,20-09-2025,Delivered
2874,131,14-11-2025,Cancelled
2875,922,17-10-2025,Delivered
2876,55,21-07-2025,Delivered
2877,413,10-12-2025,Delivered
2878,474,23-09-2025,Delivered
2879,860,28-01-2025,Delivered
2880,57,19-05-2025,Returned
2881,110,20-06-2025,Cancelled
2882,100,29-05-2025,Cancelled
2883,494,20-12-2025,Delivered
2884,886,01-02-2025,Delivered
2885,759,27-10-2025,Returned
2886,524,28-01-2025,Returned
2887,210,22-09-2025,Delivered
2888,576,11-09-2025,Delivered
2889,229,12-12-2025,Returned
2890,873,21-03-2025,Delivered
2891,644,09-06-2025,Returned
2892,960,04-01-2025,Delivered
2893,639,19-12-2025,Delivered
2894,118,04-02-2025,Delivered
2895,157,06-11-2025,Delivered
2896,533,19-02-2025,Delivered
2897,210,23-02-2025,Delivered
2898,26,16-09-2025,Delivered
2899,401,29-01-2025,Delivered
2900,308,27-07-2025,Delivered
2901,189,01-05-2025,Cancelled
2902,267,10-11-2025,Returned
2903,450,03-12-2025,Cancelled
2904,127,10-08-2025,Delivered
2905,652,12-01-2025,Delivered
2906,146,03-12-2025,Delivered
2907,175,19-09-2025,Returned
2908,717,07-10-2025,Delivered
2909,488,03-09-2025,Delivered
2910,297,08-12-2025,Delivered
2911,983,29-10-2025,Delivered
2912,377,08-12-2025,Delivered
2913,401,17-07-2025,Returned
2914,820,24-02-2025,Delivered
2915,427,06-08-2025,Delivered
2916,29,26-05-2025,Delivered
2917,124,16-10-2025,Delivered
2918,12,25-10-2025,Delivered
2919,35,27-11-2025,Returned
2920,915,03-12-2025,Cancelled
2921,456,22-01-2025,Delivered
2922,986,13-03-2025,Delivered
2923,904,23-08-2025,Delivered
2924,10,23-03-2025,Delivered
2925,513,15-09-2025,Delivered
2926,358,28-12-2025,Cancelled
2927,400,20-09-2025,Delivered
2928,179,02-12-2025,Delivered
2929,361,02-12-2025,Returned
2930,577,23-06-2025,Delivered
2931,733,13-03-2025,Delivered
2932,804,04-12-2025,Delivered
2933,946,21-07-2025,Delivered
2934,939,27-11-2025,Delivered
2935,386,30-08-2025,Cancelled
2936,675,03-04-2025,Cancelled
2937,726,17-09-2025,Returned
2938,539,13-05-2025,Delivered
2939,715,15-06-2025,Cancelled
2940,979,25-10-2025,Delivered
2941,599,13-11-2025,Delivered
2942,70,24-01-2025,Delivered
2943,873,23-03-2025,Delivered
2944,99,07-12-2025,Delivered
2945,512,14-12-2025,Delivered
2946,332,29-04-2025,Returned
2947,815,02-05-2025,Delivered
2948,922,31-03-2025,Returned
2949,914,16-07-2025,Delivered
2950,945,02-02-2025,Delivered
2951,627,09-05-2025,Delivered
2952,39,07-02-2025,Delivered
2953,782,11-07-2025,Cancelled
2954,647,16-01-2025,Delivered
2955,329,25-02-2025,Returned
2956,461,13-07-2025,Delivered
2957,653,21-10-2025,Cancelled
2958,205,11-04-2025,Delivered
2959,503,13-08-2025,Returned
2960,293,26-04-2025,Delivered
2961,760,24-03-2025,Delivered
2962,834,28-09-2025,Delivered
2963,89,26-10-2025,Delivered
2964,645,09-12-2025,Delivered
2965,209,18-01-2025,Delivered
2966,915,03-01-2025,Delivered
2967,793,28-07-2025,Cancelled
2968,560,06-02-2025,Delivered
2969,190,16-12-2025,Returned
2970,981,25-11-2025,Cancelled
2971,509,08-04-2025,Delivered
2972,585,31-08-2025,Cancelled
2973,361,02-07-2025,Cancelled
2974,922,14-10-2025,Delivered
2975,821,04-02-2025,Delivered
2976,438,17-11-2025,Delivered
2977,895,06-02-2025,Cancelled
2978,81,07-03-2025,Cancelled
2979,306,21-02-2025,Delivered
2980,511,29-04-2025,Delivered
2981,616,04-10-2025,Delivered
2982,24,25-04-2025,Delivered
2983,945,09-05-2025,Delivered
2984,721,03-07-2025,Delivered
2985,894,22-03-2025,Delivered
2986,77,01-10-2025,Cancelled
2987,248,23-09-2025,Cancelled
2988,513,09-06-2025,Delivered
2989,634,30-01-2025,Cancelled
2990,715,26-02-2025,Cancelled
2991,483,15-05-2025,Returned
2992,31,17-01-2025,Delivered
2993,432,14-05-2025,Delivered
2994,343,31-01-2025,Delivered
2995,210,08-10-2025,Returned
2996,338,06-12-2025,Delivered
2997,242,10-09-2025,Delivered
2998,825,16-10-2025,Cancelled
2999,720,19-01-2025,Delivered
3000,73,02-08-2025,Cancelled
